traffic_report_id,published_date,issue_reported,latitude,longitude,address,traffic_report_status,hour
C0A117EEA10D8F6BCEF0D75F59157B6C33EBF591_1717200046,2024-06-01 00:00:46+00:00,Crash Urgent,30.259584,-97.753482,BOULDIN AVE / BARTON SPRINGS RD,ARCHIVED,0
77BA9CD915C8E359D9733EDCFE9C61E5ACA92AFB_1717201164,2024-06-01 00:19:24+00:00,Crash Urgent,30.273707,-97.763318,W 5th St / West Lynn St,ARCHIVED,0
9521E2BCC9C0DE945CCF68B52345097002B66BA5_1717201293,2024-06-01 00:21:33+00:00,Traffic Hazard,30.28575,-97.722461,1300 E 28th St,ARCHIVED,0
BE2608CD9B0E64302FCB6170D889D6A11E1EBDD7_1717201711,2024-06-01 00:28:31+00:00,COLLISION,30.300825,-97.493145,HOG EYE RD / LOCKWOOD RD,ARCHIVED,0
301F839B74B67350B1BDC01050369AEC1F36E0D2_1717201767,2024-06-01 00:29:27+00:00,Crash Service,30.182321,-97.847115,3324 W Slaughter Ln,ARCHIVED,0
55B3E95B981CC5C1C430E9114425358B64E45D85_1717203016,2024-06-01 00:50:16+00:00,Crash Urgent,30.368568,-97.680452,E Applegate Dr / Middle Fiskville Rd,ARCHIVED,0
1A5270E66ED4CA6B0227A4EBF6A959157221262B_1717203265,2024-06-01 00:54:25+00:00,Crash Urgent,30.339988,-97.698974,7817-8011 N Ih 35 Svrd Nb,ARCHIVED,0
749FA825D1F9D8E78BD2495940F92586C04EF35A_1717203290,2024-06-01 00:54:50+00:00,Traffic Hazard,30.167056,-97.788541,W Slaughter Ln / S Congress Ave,ARCHIVED,0
C46908D2D41F34D665E249864E018BADD8BE32FD_1717204338,2024-06-01 01:12:18+00:00,Traffic Hazard,30.215583,-97.738074,2100-2425 E Ben White Blvd Eb,ARCHIVED,1
F85AE74DB48DB6D5D3B4F329C93161754DE0AB2A_1717205799,2024-06-01 01:36:39+00:00,TRFC HAZD/ DEBRIS,30.420196,-97.629341,14800-14948 DESSAU RD,ARCHIVED,1
BB7E0878197E923C50408C8CCCEDB73E9630A7F8_1717206672,2024-06-01 01:51:12+00:00,Traffic Hazard,30.320832,-97.75574,4500 N Mopac Expy Nb,ARCHIVED,1
E6CFA8E4A054B888D7A80898D1A7092AA631A302_1717206990,2024-06-01 01:56:30+00:00,Crash Urgent,30.252712,-97.763773,1414 S LAMAR BLVD,ARCHIVED,1
CE5C9036ECFE0BDD8F6404EC25D96B1EE0CC28F4_1717207046,2024-06-01 01:57:26+00:00,COLLISION,30.398299,-97.856851,6600-6711 N FM 620 RD,ARCHIVED,1
9E0A916215D99196F44821DFC348C2843EE5B5A7_1717207058,2024-06-01 01:57:38+00:00,Crash Urgent,30.397919,-97.855927,11500-11525 620 To 2222 Bypass,ARCHIVED,1
C718AA30A6FF882B7087CE4F1567E335EA77186E_1717207464,2024-06-01 02:04:24+00:00,Crash Urgent,30.353207,-97.752922,3437-3543 Far West Blvd,ARCHIVED,2
CE992F0CFC154989B728650A32B4E4702E47C9AA_1717207840,2024-06-01 02:10:40+00:00,VEHICLE FIRE,30.422508,-97.924423,16028 POOL CANYON RD,ARCHIVED,2
9F7F230B6748530889D6D498FF5F5E2934FDBE69_1717208594,2024-06-01 02:23:14+00:00,Traffic Hazard,30.26167,-97.73603,71-321 N IH 35 NB,ARCHIVED,2
2F2D523C34AC34442D518810A10F44FED3AB95CA_1717208839,2024-06-01 02:27:19+00:00,LOOSE LIVESTOCK,30.107029,-97.694661,MAHA LOOP RD / S US 183 HWY,ARCHIVED,2
FE286D02F80118DE47F2226C2FCE9F7BE0BC04F0_1717208884,2024-06-01 02:28:04+00:00,Traffic Hazard,30.151696,-97.764825,9509 Old Lockhart Rd,ARCHIVED,2
C04038A9EFD402B01F5733A5DF5E0248D29A1AD8_1717208895,2024-06-01 02:28:15+00:00,Crash Urgent,30.478487,-97.801533,14063-14635 N 183a Hwy Nb,ARCHIVED,2
45CA1D224FB0223C3AC72019EC9AFE243D11E029_1717209162,2024-06-01 02:32:42+00:00,Crash Service,30.17619,-97.8225,9429-9613 Menchaca Rd,ARCHIVED,2
311FD155BAFBC7FD0A5DB010F80D9090F1E689DE_1717209247,2024-06-01 02:34:07+00:00,COLLISION,30.37684,-97.890686,EPPERSON TRL / STEINER RANCH BLVD,ARCHIVED,2
060C7C9AEA07BD061C43B93A8D51CC043855D7A3_1717209899,2024-06-01 02:44:59+00:00,Crash Urgent,30.190786,-97.744729,5603-5799 S Pleasant Valley Rd,ARCHIVED,2
23BFD8A26FDEAA0CCF8A0B3F8705506064A99BA0_1717210503,2024-06-01 02:55:03+00:00,Crash Service,30.398733,-97.746454,10732 Research Blvd Svrd Sb,ARCHIVED,2
89D89E5773C4210782AA5783B7DFBA5E0AF85CCC_1717211248,2024-06-01 03:07:28+00:00,Stalled Vehicle,30.224072,-97.701084,6600 E Riverside Dr,ARCHIVED,3
CEF239141C378CC0998E5F526985C2D57C535D6C_1717211971,2024-06-01 03:19:31+00:00,Crash Urgent,30.426334,-97.675966,1501 W Howard Ln,ARCHIVED,3
3C20408CCD7CAF713249DC193BBAB367C439982F_1717212975,2024-06-01 03:36:15+00:00,Stalled Vehicle,30.439222,-97.779567,Oceanaire Blvd / N Us 183 Hwy Svrd Sb,ARCHIVED,3
BDA09BA2C0046773A13BFAC20BF620D2317ADBF6_1717213255,2024-06-01 03:40:55+00:00,Traffic Hazard,30.398272,-97.704341,Gracy Farms Ln / Metric Blvd,ARCHIVED,3
9FED3A6D2F3211708E67B81F44901933CFE61E34_1717213784,2024-06-01 03:49:44+00:00,Traffic Hazard,30.403061,-97.700279,METRIC BLVD / BITTERN HOLW,ARCHIVED,3
AF2941A60E26A34C22AAC84A3165A175B835F1E3_1717214342,2024-06-01 03:59:02+00:00,Crash Urgent,30.267393,-97.72982,E 9TH ST / WALLER ST,ARCHIVED,3
2D201417BD4C52BB8D2FD97EB9E44CBAAF8BFF67_1717214476,2024-06-01 04:01:16+00:00,Crash Urgent,30.231011,-97.734398,1931 E Oltorf St,ARCHIVED,4
67469575771DF48906920B2A850CCC7FD96DDD32_1717214535,2024-06-01 04:02:15+00:00,Crash Urgent,30.231656,-97.736004,1900 E Oltorf St,ARCHIVED,4
CEECBAD6EBA4909E9BAE00C95C8F5427EA8D26B7_1717214878,2024-06-01 04:07:58+00:00,Crash Urgent,30.268345,-97.729585,Waller St / E 10th St,ARCHIVED,4
7C79321AB1BC0DD447682AC5372A0D5BFA8F251F_1717214992,2024-06-01 04:09:52+00:00,COLLISION WITH INJURY,30.394772,-97.866917,Steiner Ranch Blvd / N Fm 620 Rd,ARCHIVED,4
814C4E3C62CB0280EE9C4A21CE3892BE8654C1FF_1717215255,2024-06-01 04:14:15+00:00,Crash Urgent,30.266226,-97.747304,Guadalupe St / W 3rd St,ARCHIVED,4
6BDC80C8779152EBAF9B2F25DC2CB8CA953234ED_1717216015,2024-06-01 04:26:55+00:00,Crash Urgent,30.215659,-97.758805,4308 Terry O Ln,ARCHIVED,4
3807AC7D80021434C1C1D9029D3FEFC5986D354F_1717216246,2024-06-01 04:30:46+00:00,Traffic Hazard,30.363067,-97.697058,W Rundberg Ln / N Lamar Blvd,ARCHIVED,4
9B3F8371A44671F4C79DABD4259CEC82A8B7F1A5_1717216627,2024-06-01 04:37:07+00:00,Crash Urgent,30.203083,-97.664932,3629 Presidential Blvd,ARCHIVED,4
57F65C30B490154C57284B8041B201206D440751_1717217436,2024-06-01 04:50:36+00:00,LOOSE LIVESTOCK,30.262679,-97.621263,Fm 969 Rd / Blue Bluff Rd,ARCHIVED,4
52E39965D37749903CED91C49D41D01E5F292FBB_1717217567,2024-06-01 04:52:47+00:00,Crash Urgent,30.279977,-97.735709,E Martin Luther King Jr Blvd / San Jacinto Blvd,ARCHIVED,4
4FE7A90DAAAA084605F6F37EEF527A50276887D2_1717217659,2024-06-01 04:54:19+00:00,Crash Urgent,30.272559,-97.747804,600-617 W 9th St,ARCHIVED,4
C5E8754637504E5EBF868EFC915AE09CB8BA1C3B_1717218099,2024-06-01 05:01:39+00:00,COLLISION,30.366665,-97.566689,13200-13273 Gregg Manor Rd,ARCHIVED,5
7028EE0D3C34C181058F6594B2E030DDCAF5AACC_1717224147,2024-06-01 06:42:27+00:00,Crash Urgent,30.242436,-97.73034,1302 Parker Ln,ARCHIVED,6
F4297B5AE1CDCE836E052E17E71315F034F39775_1717224657,2024-06-01 06:50:57+00:00,Crash Service,30.430776,-97.763205,0 Mc Neil To Research Sb Ramp,ARCHIVED,6
57BD3A494C8B4B3A2F0A21351E910858B95AE229_1717225361,2024-06-01 07:02:41+00:00,COLLISION,30.450357,-97.725969,13600-14211 MC NEIL RD,ARCHIVED,7
FA59FADCBF0CEF35D5DFDA0B2B7308474E16F44E_1717226215,2024-06-01 07:16:55+00:00,Traffic Hazard,30.479287,-97.766185,9229-9423 W Parmer Ln,ARCHIVED,7
C3792585C423B292341AC775EBC304095E97A527_1717226953,2024-06-01 07:29:13+00:00,TRFC HAZD/ DEBRIS,30.456294,-97.663968,1727-1729 GRAND AVENUE PKWY,ARCHIVED,7
100643D9E1271A7092C638AFA0DC268F20F3BD1C_1717228685,2024-06-01 07:58:05+00:00,COLLISION,30.030523,-97.674465,Camino Real / Fm 1854,ARCHIVED,7
E0E45410CE700744FF35C5CE337E2F7B5B0B8CA9_1717229247,2024-06-01 08:07:27+00:00,Crash Urgent,30.171975,-97.799063,419-529 W Slaughter Ln,ARCHIVED,8
B02B25076199964BB7439541DFD797C0397ED4C0_1717230486,2024-06-01 08:28:06+00:00,Crash Urgent,30.266667,-97.743333,412 Congress Ave,ARCHIVED,8
5BDF0A2DA996D5D89B383318AFDA6FC994A63D58_1717234544,2024-06-01 09:35:44+00:00,Traffic Hazard,30.41252,-97.731614,Whispering Valley Dr / Duval Rd,ARCHIVED,9
DC4DD44D3465997A4A04FD070DF0BF24B75F9CFF_1717234698,2024-06-01 09:38:18+00:00,TRFC HAZD/ DEBRIS,30.448869,-97.656096,2700-blk W PECAN ST,ARCHIVED,9
0E51425BC6723D418B7C9E1894575DB504FFBAD8_1717238985,2024-06-01 10:49:45+00:00,Traffic Hazard,30.433468,-97.768372,12762-12956 N Us 183 Hwy Sb,ARCHIVED,10
346F2749EFBE761597FD81E1C0CC286B1587910C_1717244774,2024-06-01 12:26:14+00:00,Traffic Hazard,30.163235,-97.800782,S 1st St / Taft Ln,ARCHIVED,12
2972171F9CF6653AA953426952B5FFD2535D14A3_1717244956,2024-06-01 12:29:16+00:00,Traffic Hazard,30.416559,-97.749273,11578-11632 Jollyville Rd,ARCHIVED,12
96FA3E6F71FD2261F7325C90CDA49AEDD8641132_1717248748,2024-06-01 13:32:28+00:00,Crash Urgent,30.20635,-97.757528,4900-blk S Ih 35 Nb,ARCHIVED,13
BDB4EF8138BD46AA7F134CD4C2A1DD8FC2863F06_1717249183,2024-06-01 13:39:43+00:00,TRFC HAZD/ DEBRIS,30.422491,-97.924352,16026 POOL CANYON RD,ARCHIVED,13
B5AFBB263F5617EAEF5523F5DDC8831C9EEA7609_1717249740,2024-06-01 13:49:00+00:00,TRFC HAZD/ DEBRIS,30.188624,-97.587805,4716-4806 E Sh 71 Eb,ARCHIVED,13
02161A52F79B14CA0632CEFCB8CD025C2DE5ED0C_1717251948,2024-06-01 14:25:48+00:00,Traffic Hazard,30.372028,-97.72308,8989 RESEARCH BLVD SVRD NB,ARCHIVED,14
5A475AA62E49E59017B1FF7A402B92A8DC8D4A41_1717252396,2024-06-01 14:33:16+00:00,Crash Urgent,30.287118,-97.726776,Red River St / E Dean Keeton St,ARCHIVED,14
32F6CBAB415ED6D718F61FC88F136EAFC6DADD31_1717252662,2024-06-01 14:37:42+00:00,Crash Urgent,30.258915,-97.746234,Barton Springs Rd / S Congress Ave,ARCHIVED,14
49DD744FF126341803FBB56A028DC0177C24F979_1717252892,2024-06-01 14:41:32+00:00,Traffic Hazard,30.442683,-97.664205,1434 W Wells Branch Pkwy,ARCHIVED,14
8900276124508EA0B69A5B92588B276BA8693831_1717253924,2024-06-01 14:58:44+00:00,COLLISN/ LVNG SCN,30.176611,-97.529464,5467-5553 E Sh 71 Wb,ARCHIVED,14
E2FE2412EE50468A9D4867976FF86FD792AE55EE_1717254060,2024-06-01 15:01:00+00:00,Crash Service,30.236709,-97.713793,1301 Crossing Pl,ARCHIVED,15
F7CB489B88FEBCB7886035D43260E3689936C893_1717254298,2024-06-01 15:04:58+00:00,Traffic Hazard,30.296127,-97.783804,Enfield Rd / Lake Austin Blvd,ARCHIVED,15
185B44A1DEEF7AC2851ECBD3FA9B3CDD1A40C152_1717254592,2024-06-01 15:09:52+00:00,Traffic Hazard,30.282134,-97.767478,1000-1006 Winsted Ln,ARCHIVED,15
B02B25076199964BB7439541DFD797C0397ED4C0_1717254701,2024-06-01 15:11:41+00:00,TRFC HAZD/ DEBRIS,30.499856,-97.58059,21323-21331 N SH 130 SVRD NB,ARCHIVED,15
06BC6A372C0484BD4C62494038CAC7C4C62035DF_1717254771,2024-06-01 15:12:51+00:00,Crash Urgent,30.325899,-97.726366,N Lamar Blvd / W Koenig Ln,ARCHIVED,15
FFE0E1571648E86DE0119F35A0DDBDDB98C90EAC_1717256414,2024-06-01 15:40:14+00:00,COLLISION WITH INJURY,30.15304,-97.769383,1600-blk E SLAUGHTER LN,ARCHIVED,15
BC77B0705ECD0E9B1735332131C54C8EA571C491_1717257542,2024-06-01 15:59:02+00:00,Traffic Hazard,30.237563,-97.686705,501 Bastrop Hwy Nb,ARCHIVED,15
F267B8E5A7E8B7E956D2278FCC345757478B3703_1717257852,2024-06-01 16:04:12+00:00,COLLISION,30.349425,-97.536723,12100-12520 E Us 290 Hwy Wb,ARCHIVED,16
246D2E34BEDEDFE76E09931A89BF4631F3916827_1717258460,2024-06-01 16:14:20+00:00,Traffic Hazard,30.291195,-97.628009,Decker Ln / Loyola Ln,ARCHIVED,16
853CA591062E389DDA69B6AC891849AA312DAB40_1717260173,2024-06-01 16:42:53+00:00,Traffic Hazard,30.339403,-97.700802,700-709 E Anderson Ln Svrd Eb,ARCHIVED,16
DA5EB7821DBF976B4784D1D020866EBE07542FC0_1717260735,2024-06-01 16:52:15+00:00,TRFC HAZD/ DEBRIS,30.162474,-97.689343,8900-9931 FM 812 RD,ARCHIVED,16
DF8D8FCE31B05F9F7DA30CCD948575D6BAD9C0AB_1717260798,2024-06-01 16:53:18+00:00,Crash Urgent,30.429088,-97.722521,W Parmer Ln / Adelphi Ln,ARCHIVED,16
6C7FAA15D63FB82FCBEB6343F640F32DEB4AB398_1717260887,2024-06-01 16:54:47+00:00,Traffic Hazard,30.25062,-97.774808,2100 Bluebonnet Ln,ARCHIVED,16
29ED50413352C3CD35A0187E7E61A5A855551B75_1717261142,2024-06-01 16:59:02+00:00,AUTO/ PED,30.227738,-97.821457,5601 BRODIE LN,ARCHIVED,16
BC50A6ED0F0272903A1AC5DC2349AA1E49DFB5FC_1717261379,2024-06-01 17:02:59+00:00,Crash Urgent,30.398292,-97.719387,Burnet Rd / Esperanza Xing,ARCHIVED,17
55625EDC17AEA241D22CFA9C01BD7CAB7F616707_1717262010,2024-06-01 17:13:30+00:00,COLLISION,30.500802,-97.581718,N Sh 130 / Gattis School Rd,ARCHIVED,17
DC0CC2A90246E4EB2B2F873298C5E6D4C9233C74_1717262129,2024-06-01 17:15:29+00:00,TRFC HAZD/ DEBRIS,30.166171,-97.76943,8500-8599 Bluff Springs Rd,ARCHIVED,17
8000134409F9739525D1B91D308AB8444766F41F_1717262268,2024-06-01 17:17:48+00:00,Traffic Hazard,30.173339,-97.798894,9000-9012 S 1st St,ARCHIVED,17
6DBB169C06C09B479392E3A636171E8714B46023_1717262417,2024-06-01 17:20:17+00:00,Traffic Hazard,30.219283,-97.835856,3814-4014 W William Cannon Dr,ARCHIVED,17
9669582CD862FB3798DCA33583826C0FB32BDCE4_1717263121,2024-06-01 17:32:01+00:00,Crash Service,30.257144,-97.746875,S Congress Ave / W Riverside Dr,ARCHIVED,17
EA0A27268C155F17DC639A67B1AB97CCB5165233_1717263183,2024-06-01 17:33:03+00:00,COLLISION WITH INJURY,30.113258,-97.649656,MOORE RD / BURKLUND FARMS RD,ARCHIVED,17
5546443CF7936F056C25DF636352D217C030756C_1717264476,2024-06-01 17:54:36+00:00,COLLISION,30.244872,-97.583405,HUNTERS BEND RD / PLAIN VIEW DR,ARCHIVED,17
9304509649FAD1E302F612507DF3EE7CABF65B17_1717265485,2024-06-01 18:11:25+00:00,Crash Service,30.213757,-97.736084,3700-3950 Todd Ln,ARCHIVED,18
879FB411C4F5FAA03C9128362319974676D99651_1717266171,2024-06-01 18:22:51+00:00,Crash Urgent,30.132647,-97.794498,2333 Cascades Ave,ARCHIVED,18
54FCE74DDD33DC3F1AC11D17CD8076A90BAF1F5E_1717266449,2024-06-01 18:27:29+00:00,Crash Service,30.208548,-97.851553,4515 Kalama Dr,ARCHIVED,18
B356A4362679769BC94A505BAF7000D13AF23FE9_1717267628,2024-06-01 18:47:08+00:00,Crash Urgent,30.279802,-97.721261,1814 E Martin Luther King Jr Blvd,ARCHIVED,18
F85AE74DB48DB6D5D3B4F329C93161754DE0AB2A_1717268574,2024-06-01 19:02:54+00:00,Crash Urgent,30.167023,-97.787225,101-125 W Slaughter Ln,ARCHIVED,19
43B907EBFC5245AC8A6610CCDD6FB5BBEF45CE8A_1717268673,2024-06-01 19:04:33+00:00,Crash Urgent,30.211512,-97.789394,Gobi Dr / W Stassney Ln,ARCHIVED,19
B9FE11A4DA3235058399366F1A69D136A757B592_1717268778,2024-06-01 19:06:18+00:00,Crash Urgent,30.215788,-97.797332,5502-5542 Menchaca Rd,ARCHIVED,19
F8C4F82A0BB5BC59B5F5DE23E91466CFE636D5BC_1717268940,2024-06-01 19:09:00+00:00,Traffic Hazard,30.369626,-97.727265,8725 Burnet Rd,ARCHIVED,19
E34406E2ABB8FB744A5E9281A5BCFF011C260650_1717269435,2024-06-01 19:17:15+00:00,Crash Service,30.189557,-97.771696,6602-6812 S Ih 35 Svrd Sb,ARCHIVED,19
CB852047223EB4C0EC2C483D9268EFB97861128A_1717269505,2024-06-01 19:18:25+00:00,Crash Urgent,30.268216,-97.777135,S MOPAC EXPY SVRD NB / ANDREW ZILKER RD,ARCHIVED,19
8710BCA93219049B5D36136FD05D626A930BD773_1717270113,2024-06-01 19:28:33+00:00,Traffic Hazard,30.200665,-97.865951,5301-5549 W Slaughter Ln,ARCHIVED,19
72448B7792D7AA9BAE361029D06BB23AD7803155_1717270200,2024-06-01 19:30:00+00:00,TRFC HAZD/ DEBRIS,30.163168,-97.725735,7100-7337 E William Cannon Dr,ARCHIVED,19
E4AEA661521F26808F2A530C9C8E164166B837D6_1717270288,2024-06-01 19:31:28+00:00,Crash Urgent,30.393224,-97.732709,10515 N Mopac Expy Svrd Nb,ARCHIVED,19
D584553119A41BDAF5910302B5C7771774ABCD4D_1717270373,2024-06-01 19:32:53+00:00,TRFC HAZD/ DEBRIS,30.426378,-97.779613,8200-8305 Yaupon Dr,ARCHIVED,19
9356DBEE19C30AE392EE87EEAF807E175295E24F_1717272662,2024-06-01 20:11:02+00:00,Crash Service,30.153086,-97.728451,Urania Way / Tranquil Glade Dr,ARCHIVED,20
E015C7217E97F6902C6412BE44D1E12E9C6A908C_1717272701,2024-06-01 20:11:41+00:00,COLLISION,30.457468,-97.468969,19800-20015 N FM 973 RD,ARCHIVED,20
D9D1492C96AD97F85C42C0A1B99E8CD57E8DCE2E_1717273360,2024-06-01 20:22:40+00:00,COLLISION,30.256997,-97.611818,Fm 969 Rd / N Fm 973 Rd,ARCHIVED,20
BC95C414A842DF6B90AC3D79F1F74D551D165565_1717275472,2024-06-01 20:57:52+00:00,Crash Urgent,30.190608,-97.733022,5801 E STASSNEY LN,ARCHIVED,20
70B8DCB93382715A55CE5F2A8356EF5636A2D2DA_1717276193,2024-06-01 21:09:53+00:00,Crash Service,30.207877,-97.780391,603 W Stassney Ln,ARCHIVED,21
8554FE9EE0ED24D97CC3B500A33D4320C0FCD5A3_1717276211,2024-06-01 21:10:11+00:00,Crash Urgent,30.317671,-97.728435,Guadalupe St / W 51st St,ARCHIVED,21
00E263FF6806064C016A643C6587B0D607A6A42D_1717276883,2024-06-01 21:21:23+00:00,Traffic Hazard,30.304562,-97.780674,151-199 ZONE LAKE AUSTIN,ARCHIVED,21
ECD801D28D0A74E2CFCE2BFC97DF37B2543E7BA1_1717277209,2024-06-01 21:26:49+00:00,COLLISION WITH INJURY,30.235697,-97.569911,4509 Felicity Ln,ARCHIVED,21
F78E817B092418A38266ECD41F2E54516F47278E_1717277229,2024-06-01 21:27:09+00:00,COLLISION,30.248866,-97.560975,Fm 969 Rd / N Dunlap Rd,ARCHIVED,21
5410535EBA45BDD70048C12AE294F3CAEDDBE6CA_1717277429,2024-06-01 21:30:29+00:00,Crash Service,30.400193,-97.675753,606-915 W Yager Ln,ARCHIVED,21
45CE120FEAA2C1A2BB53DB6C8FB833E58D6BB661_1717277451,2024-06-01 21:30:51+00:00,Crash Urgent,30.248411,-97.736638,E Riverside Dr / Kenwood Ave,ARCHIVED,21
EA10E810F96FCA6858E37FDA9832ACE147EED87C_1717277703,2024-06-01 21:35:03+00:00,Crash Urgent,30.405744,-97.668745,W Parmer Ln / Center Lake Dr,ARCHIVED,21
9B81AB8B62E90FA70A75B819D6F773CC281D6F75_1717278387,2024-06-01 21:46:27+00:00,VEHICLE FIRE,30.308041,-97.48726,10908 JONES RD,ARCHIVED,21
0CF950B5E4D2EBD7C978C76091DDCE6176845697_1717279235,2024-06-01 22:00:35+00:00,Traffic Hazard,30.46989,-97.790934,13100-13311 N Fm 620 Rd Nb,ARCHIVED,22
A874F83E95A94266C7D2856A7CBB42EE5AF2E01A_1717279291,2024-06-01 22:01:31+00:00,Crash Service,30.299589,-97.715802,1100-1111 Ardenwood Rd,ARCHIVED,22
662791B56C06D86D3C0CB16E8163662DD014FD9F_1717279358,2024-06-01 22:02:38+00:00,Crash Urgent,30.221911,-97.83811,4200-4232 W WILLIAM CANNON DR,ARCHIVED,22
71EA8C8066411034867A2D0BD2C4D1B56F45AF2B_1717279887,2024-06-01 22:11:27+00:00,TRFC HAZD/ DEBRIS,30.397674,-97.928911,Hudson Bend Rd / N Fm 620 Rd,ARCHIVED,22
9AE17B153A32567D1646CAA8C4010174C30AC349_1717280340,2024-06-01 22:19:00+00:00,Crash Service,30.417669,-97.704661,12407 N Mopac Expy Svrd Nb,ARCHIVED,22
7C9FE6831F52E30E0EDE4F8C54FD9BBA673E8D8B_1717280575,2024-06-01 22:22:55+00:00,Crash Urgent,30.331117,-97.62418,9570-9590 E Us 290 Hwy Svrd Wb,ARCHIVED,22
E0837D45B42D05C84938A39FDE34641FF3BC328D_1717280609,2024-06-01 22:23:29+00:00,Crash Urgent,30.34212,-97.612207,Blue Goose Rd / Amaranth Ln,ARCHIVED,22
011C945F30CE2CBAFC452F39840F025693339C42_1717280876,2024-06-01 22:27:56+00:00,Traffic Hazard,30.323602,-97.67094,7600-7740 183 Toll Sb,ARCHIVED,22
91A0461DA8536C97056D3B86390D0BDD472CA52B_1717281315,2024-06-01 22:35:15+00:00,COLLISION,30.152878,-97.768757,1716 E SLAUGHTER LN,ARCHIVED,22
784E9240155834852DFF458A730CCEB50229DF32_1717281454,2024-06-01 22:37:34+00:00,Crash Urgent,30.307147,-97.781898,2605 Westlake Dr,ARCHIVED,22
2E5A616A2CB3B91852EAFE6C9F29C186CC2EFD2E_1717281862,2024-06-01 22:44:22+00:00,Crash Urgent,30.356082,-97.616835,Magnus St / Harris Branch Pkwy,ARCHIVED,22
1F84839EE29222E0274CCB8451BF08D29CA7BE7E_1717282847,2024-06-01 23:00:47+00:00,COLLISION,30.341076,-97.557699,100-blk N Lexington St,ARCHIVED,23
DC5A02AD7C6CC4B77E93DC175800619E7E684464_1717283388,2024-06-01 23:09:48+00:00,Stalled Vehicle,30.328847,-97.645979,9301 E Us 290 Hwy Svrd Eb,ARCHIVED,23
64784BEDD53258D0152783E812438F26F69DA48C_1717283873,2024-06-01 23:17:53+00:00,Crash Urgent,30.488182,-97.761762,9200-9425 Neenah Ave,ARCHIVED,23
FDC01209F90EDA589F0453B7E29E0114923ECD8B_1717284375,2024-06-01 23:26:15+00:00,Crash Service,30.255492,-97.761823,1100 S Lamar Blvd,ARCHIVED,23
0AEC17CE3BFF113E1C7C16E9D9DCAF90BF590974_1717284455,2024-06-01 23:27:35+00:00,Crash Urgent,30.432566,-97.653011,E Wells Branch Pkwy / S Heatherwilde Blvd,ARCHIVED,23
8334918DA76533B5C14F235F374E327C95035AA3_1717285027,2024-06-01 23:37:07+00:00,Crash Service,30.233362,-97.684618,600-764 Bastrop Hwy Sb,ARCHIVED,23
B78037BFC8CCA3DCD3667BBC6B92B23D431FC454_1717285237,2024-06-01 23:40:37+00:00,COLLISION,30.086967,-97.742997,8700-8937 S SH 45 E EB,ARCHIVED,23
76FBDD2B2EA23E13A5B1DBCF7900B3D92134F3A1_1717285481,2024-06-01 23:44:41+00:00,Crash Service,30.235942,-97.728458,2200-2225 Woodland Ave,ARCHIVED,23
1D32238496DF5AE1C9E06AA818F82CA7FAC99CD1_1717285697,2024-06-01 23:48:17+00:00,Crash Service,30.229092,-97.88682,7400-7913 W Us 290 Hwy,ARCHIVED,23
430D53392925E841EF2DAA3C47DADD8DE98241F0_1717285810,2024-06-01 23:50:10+00:00,Stalled Vehicle,30.325376,-97.841915,901-999 ZONE LAKE AUSTIN,ARCHIVED,23
226E8783740869EA2C293750EC704DBCBD281B71_1717287211,2024-06-02 00:13:31+00:00,COLLISN/ LVNG SCN,30.174329,-97.769418,7612 BLUFF SPRINGS RD,ARCHIVED,0
A2E937136E57163ED6E6A73EB864E4F3F613EA67_1717290797,2024-06-02 01:13:17+00:00,TRFC HAZD/ DEBRIS,30.158992,-97.773857,4401-4536 BRANDT RD,ARCHIVED,1
0B9C57DB4F740E08A9A314C9428FC5E7ADDFF232_1717292065,2024-06-02 01:34:25+00:00,Crash Service,30.405345,-97.646908,13304 Fieldgate Dr,ARCHIVED,1
510DB8CCD12118CF88A7C860B741BD61530AEF0C_1717292426,2024-06-02 01:40:26+00:00,LOOSE LIVESTOCK,30.099422,-97.744185,4010 Fm 1327 Rd To Station,ARCHIVED,1
E5CB99E93E3A3839E702691C45D6CC28FFCABF9E_1717292517,2024-06-02 01:41:57+00:00,Traffic Hazard,30.260913,-97.735536,Brushy St / E Cesar Chavez St,ARCHIVED,1
B9ADD70531519C256186579D20BC7CEC509B4BD3_1717293651,2024-06-02 02:00:51+00:00,Crash Urgent,30.369949,-97.667416,Dessau Rd / Wandering Way,ARCHIVED,2
27858A0672AFDADFFF64D26877B49F4F5A9D2471_1717293834,2024-06-02 02:03:54+00:00,Crash Urgent,30.358727,-97.670805,MEADOWMEAR DR / DESSAU RD,ARCHIVED,2
49820F6FD5C388C563F6BEAEF5585A2AD3DC8413_1717294480,2024-06-02 02:14:40+00:00,Crash Urgent,30.450518,-97.78464,9213-9315 Anderson Mill Rd,ARCHIVED,2
0103B8C397F0C92E47D9D803B50740B2C6B015C3_1717294717,2024-06-02 02:18:37+00:00,COLLISN/ LVNG SCN,30.348215,-97.562373,E Us 290 Hwy Wb / Gregg Manor Rd,ARCHIVED,2
9E0A916215D99196F44821DFC348C2843EE5B5A7_1717296400,2024-06-02 02:46:40+00:00,Crash Urgent,30.373724,-97.66904,1121-1209 E BRAKER LN,ARCHIVED,2
16D019226888EB13A33C853802B1AA72DF6C7AC1_1717298013,2024-06-02 03:13:33+00:00,Traffic Hazard,30.443688,-97.742647,6101-6217 Mc Neil Dr,ARCHIVED,3
99E8211A93F176BB670C12FB301CEBB68B0F01FA_1717298283,2024-06-02 03:18:03+00:00,TRFC HAZD/ DEBRIS,30.443813,-97.742673,6100-6212 Mc Neil Dr,ARCHIVED,3
568138FB951D9F68253812AF0F47CBACC3A79C42_1717299435,2024-06-02 03:37:15+00:00,Crash Urgent,30.283275,-97.684206,4605 Kitty Ave,ARCHIVED,3
2FDD02F8F1222AC5B66EC221C8FF66D62695B11C_1717299716,2024-06-02 03:41:56+00:00,Traffic Hazard,30.357402,-97.68784,9200-9299 N Ih 35 Svrd Nb,ARCHIVED,3
DECCC3D8F76C21F127E400870F9E1ED609090401_1717300494,2024-06-02 03:54:54+00:00,Crash Urgent,30.343361,-97.704112,220 E Anderson Ln Svrd Wb,ARCHIVED,3
337B1B291A6DDA67D019670D8D59D7AD727ECB51_1717300767,2024-06-02 03:59:27+00:00,Crash Urgent,30.268861,-97.739831,710 San Jacinto Blvd,ARCHIVED,3
CBF641003962D3B22EA5AEB9164C4CFF46A13515_1717301281,2024-06-02 04:08:01+00:00,Crash Urgent,30.310843,-97.732976,GUADALUPE ST / W 45TH ST,ARCHIVED,4
4DD7E5DD0410798A96A8F2E380DFE07581D5174B_1717302691,2024-06-02 04:31:31+00:00,TRFC HAZD/ DEBRIS,30.233336,-97.918068,8800-blk W Us 290 Hwy,ARCHIVED,4
7ECD2E69C8A5E0D0670355F80EFE3EEC80A98DF7_1717303640,2024-06-02 04:47:20+00:00,COLLISION,30.078877,-97.640687,Doyle Overton Rd / Eilers Rd,ARCHIVED,4
69E356FC5B897FF52301D1A4D870E2862A05C244_1717304576,2024-06-02 05:02:56+00:00,Crash Service,30.373724,-97.66904,E Braker Ln / Tom Adams Dr,ARCHIVED,5
A79F61DFADC4E107223F28D9031FAE66C437132D_1717306105,2024-06-02 05:28:25+00:00,Crash Urgent,30.264087,-97.756187,100-319 Lee Barton Dr,ARCHIVED,5
B4E92E6FA003D2517E5BA33BF41DDCA75983E27C_1717306687,2024-06-02 05:38:07+00:00,Crash Service,30.354251,-97.681379,9410 Teasdale Ter,ARCHIVED,5
69CA7DFC8CEDA460F74502B95B23694A29725292_1717307111,2024-06-02 05:45:11+00:00,Crash Urgent,30.213339,-97.721143,2500-5623 E BEN WHITE BLVD EB,ARCHIVED,5
7CA75397B68A24DA4137B948DD5D41C538343172_1717308071,2024-06-02 06:01:11+00:00,Crash Service,30.327378,-97.691375,7247 Cameron Rd,ARCHIVED,6
80D5B2A867B21E37CD472071370518DF40FA4F01_1717308168,2024-06-02 06:02:48+00:00,Crash Service,30.325877,-97.688504,1521 Reagan Hill Dr,ARCHIVED,6
560435953B9808841DF0571AC6680B33A1067449_1717308742,2024-06-02 06:12:22+00:00,Crash Urgent,30.16265,-97.829418,10801 Old Manchaca Rd,ARCHIVED,6
C41882F67AA8B3FFB5D98F51F530E7A189C779CE_1717308867,2024-06-02 06:14:27+00:00,Crash Urgent,30.164145,-97.830026,Menchaca Rd / Old Manchaca Rd,ARCHIVED,6
F4297B5AE1CDCE836E052E17E71315F034F39775_1717309071,2024-06-02 06:17:51+00:00,Crash Service,30.223383,-97.762593,3909 S Congress Ave,ARCHIVED,6
DB5C7A38682220A648B9DA7964B252D846B03084_1717309197,2024-06-02 06:19:57+00:00,Traffic Hazard,30.408074,-97.675011,12600 N Ih 35 Svrd Sb To Parmer Ln Eb,ARCHIVED,6
7D5067934C8A2B1555869FB30AAC52562CCD6BD1_1717309323,2024-06-02 06:22:03+00:00,Traffic Hazard,30.332188,-97.686528,E Anderson Ln Svrd Eb / Cameron Rd,ARCHIVED,6
F5B2CF7F714E8990F6224B8906CCD1CE96FC0A0E_1717310637,2024-06-02 06:43:57+00:00,COLLISN/ LVNG SCN,30.456023,-97.659952,16100-16317 CENTRAL COMMERCE DR,ARCHIVED,6
2F25DF3260BA7F6F5DC9556417C6FCE5FCA5C90B_1717311221,2024-06-02 06:53:41+00:00,Crash Urgent,30.262517,-97.729079,413 Navasota St,ARCHIVED,6
E67EA1C73229B4FEC8AEB04BA02D8BA092E4569D_1717312433,2024-06-02 07:13:53+00:00,Crash Urgent,30.354776,-97.715328,8200 Research Blvd Svrd Sb,ARCHIVED,7
1AD6ED936CCF88EEDCFFBB7AC382AA5A4FE342AE_1717312931,2024-06-02 07:22:11+00:00,Crash Urgent,30.247931,-97.735551,1201-1215 E Riverside Dr,ARCHIVED,7
DD40A5745BA5FA58747218174EF201473AEC7541_1717313514,2024-06-02 07:31:54+00:00,COLLISN/ LVNG SCN,30.232757,-97.812799,4300-blk ERNEST ROBLES WAY,ARCHIVED,7
94C7E8B8DA75D775E4619F76CAE2085343847843_1717313755,2024-06-02 07:35:55+00:00,COLLISION,30.453384,-97.665679,15700-15827 N IH 35 SVRD NB,ARCHIVED,7
94C7E8B8DA75D775E4619F76CAE2085343847843_1717314092,2024-06-02 07:41:32+00:00,COLLISION,30.453384,-97.665679,15700-15827 N IH 35 SVRD NB,ARCHIVED,7
0C625939CBE82C0DA99CB0B59ACE05648B97290D_1717314418,2024-06-02 07:46:58+00:00,Traffic Hazard,30.408844,-97.714905,12000-blk N Mopac Expy Sb,ARCHIVED,7
DAE5FD66A9257B4F6461079F24D43322E5D86662_1717314874,2024-06-02 07:54:34+00:00,Crash Service,30.240193,-97.727072,Burton Dr / E Riverside Dr,ARCHIVED,7
752500DA7E91A2ED173B243E9F7EE0C43EB25038_1717316086,2024-06-02 08:14:46+00:00,COLLISION,30.253971,-97.605007,Fm 969 Rd / N Sh 130 Svrd Sb,ARCHIVED,8
8D507A70979AEFB79DB859B2D8CDEA86C19EE151_1717319938,2024-06-02 09:18:58+00:00,Crash Urgent,30.294803,-97.662766,5300-6301 183 Toll Nb,ARCHIVED,9
77DA394B0E2560ECA0E20487E7441C5BFB5770BC_1717320589,2024-06-02 09:29:49+00:00,Crash Urgent,30.221008,-97.674158,1600 E Sh 71 Eb,ARCHIVED,9
F4297B5AE1CDCE836E052E17E71315F034F39775_1717324069,2024-06-02 10:27:49+00:00,COLLISION,30.524217,-97.447998,Fm 973 / Samsung Hwy,ARCHIVED,10
54D3F3517C8183E9317C62F6C01455D00160E63F_1717324304,2024-06-02 10:31:44+00:00,Traffic Hazard,30.369351,-97.861414,4207 River Place Blvd,ARCHIVED,10
87FC57A9E4B4B7CFED49FDE83E1B3D5138966A4F_1717325591,2024-06-02 10:53:11+00:00,Traffic Hazard,30.310452,-97.673551,Northeast Dr / Arnold Dr,ARCHIVED,10
50796C51AC2A96A54D8F1B0E65EA7D2B2D8346F5_1717326107,2024-06-02 11:01:47+00:00,TRFC HAZD/ DEBRIS,30.186209,-97.609509,4500-4542 E SH 71 EB,ARCHIVED,11
18DD9438519462132A38EF68B7313ADCDFB16CA5_1717326727,2024-06-02 11:12:07+00:00,Crash Urgent,30.363067,-97.697058,W Rundberg Ln / N Lamar Blvd,ARCHIVED,11
9AF463166FE8B26437541D9629EB84E60089A395_1717326962,2024-06-02 11:16:02+00:00,TRFC HAZD/ DEBRIS,30.349397,-97.538529,E Us 290 Hwy Wb / N Fm 973 Rd,ARCHIVED,11
871C239CCC397E937272817BA4B58F48AF0BC3BC_1717329214,2024-06-02 11:53:34+00:00,Traffic Hazard,30.285649,-97.665425,E Martin Luther King Jr Blvd / Fm 969 Rd,ARCHIVED,11
ADABAF1DC5B7F34B10D06F9F8D60E7204053A7C1_1717329465,2024-06-02 11:57:45+00:00,Stalled Vehicle,30.332808,-97.686101,E Anderson Ln Svrd Wb / Cameron Rd,ARCHIVED,11
00DC35710D10349FA58F9D679882587A0D70C16A_1717332077,2024-06-02 12:41:17+00:00,Traffic Hazard,30.186565,-97.780986,S Congress Ave / Meadow Lea Dr,ARCHIVED,12
4DA81066745689FC22FB717C0C6A7EDD96ED0FFB_1717332081,2024-06-02 12:41:21+00:00,COLLISION,30.100291,-97.638145,14510 HOKANSON RD,ARCHIVED,12
A2DAE302A48D5CBE257B8DB4C150CF14C602A71B_1717332144,2024-06-02 12:42:24+00:00,Traffic Hazard,30.155465,-97.790475,10000-10017 S Ih 35 Svrd Nb,ARCHIVED,12
7DFF5635BAC02F55BBF2B802C7C72FBB229B548B_1717332554,2024-06-02 12:49:14+00:00,Traffic Hazard,30.329728,-97.697151,7202 Providence Ave,ARCHIVED,12
02161A52F79B14CA0632CEFCB8CD025C2DE5ED0C_1717334104,2024-06-02 13:15:04+00:00,Traffic Hazard,30.341323,-97.769631,Fm 2222 Rd / Mesa Dr,ARCHIVED,13
9B81AB8B62E90FA70A75B819D6F773CC281D6F75_1717334161,2024-06-02 13:16:01+00:00,Traffic Hazard,30.364679,-97.714781,8911 Briardale Dr,ARCHIVED,13
28242F1D302696F577218BB85FBAAFECA44761A7_1717334416,2024-06-02 13:20:16+00:00,TRFC HAZD/ DEBRIS,30.455985,-97.666964,N Ih 35 Svrd Sb / Grand Avenue Pkwy,ARCHIVED,13
2F25DF3260BA7F6F5DC9556417C6FCE5FCA5C90B_1717334451,2024-06-02 13:20:51+00:00,COLLISION/PRIVATE PROPERTY,30.408119,-97.400823,17402 Lund Carlson Rd,ARCHIVED,13
3C5888626CA6876E25780E9B00396BDF5E4AAB6A_1717338503,2024-06-02 14:28:23+00:00,LOOSE LIVESTOCK,30.030523,-97.674465,CAMINO REAL / FM 1854,ARCHIVED,14
9A26E063AC0BCDB37D2BA7FADE8200898A9380E3_1717339590,2024-06-02 14:46:30+00:00,TRFC HAZD/ DEBRIS,30.352647,-97.911359,600-934 N QUINLAN PARK RD,ARCHIVED,14
780E202B137A715C8D1B159E4E1540323203CDD8_1717340338,2024-06-02 14:58:58+00:00,Crash Service,30.302705,-97.659151,5500-5626 Loyola Ln,ARCHIVED,14
857ECF12DB62610ED1C51F0921CB6AC73F049693_1717340639,2024-06-02 15:03:59+00:00,TRFC HAZD/ DEBRIS,30.028206,-97.686474,16705-17299 Camino Real,ARCHIVED,15
0C625939CBE82C0DA99CB0B59ACE05648B97290D_1717341053,2024-06-02 15:10:53+00:00,COLLISION,30.172391,-97.629441,PEARCE LN / ROSS RD,ARCHIVED,15
36493DD0B6193D22B5B7E59C6D30E9137AA7009E_1717341206,2024-06-02 15:13:26+00:00,COLLISION/PRIVATE PROPERTY,30.328556,-97.926821,1601 S QUINLAN PARK RD,ARCHIVED,15
EAEBB5DB2B93D9B0E80FF737B2983A774CDED173_1717341510,2024-06-02 15:18:30+00:00,Traffic Hazard,30.311215,-97.675189,Northeast Dr / Betty Cook Dr,ARCHIVED,15
056C6297A013D577FC9E3B677EF8389323981269_1717342800,2024-06-02 15:40:00+00:00,Crash Service,30.37121,-97.709449,9501 Mountain Quail Rd,ARCHIVED,15
0864A91883AB86909614F36A588EE81376A25C45_1717345729,2024-06-02 16:28:49+00:00,Traffic Hazard,30.309093,-97.671024,Northeast Dr / Jack Cook Dr,ARCHIVED,16
5A6F06DB0BD8A8C95C41E825DF3DE1588C7569ED_1717345849,2024-06-02 16:30:49+00:00,Crash Service,30.374236,-97.726847,9061 Research Blvd Svrd Nb,ARCHIVED,16
70A1FEB7907EB7F1D49939E991BE2FD1E3ED086A_1717346338,2024-06-02 16:38:58+00:00,Crash Urgent,30.175118,-97.780578,8200 S Ih 35 Nb,ARCHIVED,16
6DBB169C06C09B479392E3A636171E8714B46023_1717346704,2024-06-02 16:45:04+00:00,Traffic Hazard,30.429736,-97.697195,2501-3141 Scofield Ridge Pkwy,ARCHIVED,16
D38D6B33E339A65214B43F52FC74BF2319B39101_1717346848,2024-06-02 16:47:28+00:00,Crash Urgent,30.238328,-97.904363,Fenton Dr / Roaring Springs Dr,ARCHIVED,16
E6477EA575D0D5B1239E1E482793FB1BBF19CC19_1717346928,2024-06-02 16:48:48+00:00,Crash Urgent,30.295429,-97.742817,Guadalupe St / W 29th St,ARCHIVED,16
CE7DD1F443C6AE6EBF3D40034D6EFF3F01AEF47C_1717347112,2024-06-02 16:51:52+00:00,Traffic Hazard,30.252977,-97.724742,2003 Holly St,ARCHIVED,16
731505E34829883E122EED58FCA8260CAF53AB98_1717347713,2024-06-02 17:01:53+00:00,Traffic Hazard,30.209416,-97.755401,4600 S Ih 35 Nb,ARCHIVED,17
539E322A4F4CC65780CE1E183AD98299538EC22C_1717348491,2024-06-02 17:14:51+00:00,Traffic Hazard,30.377099,-97.676143,10900-11500 N Ih 35 Sb,ARCHIVED,17
4E999D40954C92BF50A6B99FA69B04A76E9F55C3_1717348552,2024-06-02 17:15:52+00:00,Traffic Hazard,30.26086,-97.758459,S Lamar Blvd / Barton Springs Rd,ARCHIVED,17
3B987A82043F7DF95B5784095B5CE3BB870DC709_1717348683,2024-06-02 17:18:03+00:00,Traffic Hazard,30.16705,-97.784764,100-114 E Slaughter Ln,ARCHIVED,17
7167E28632050B446EDAC59DFF38370194317B4A_1717349865,2024-06-02 17:37:45+00:00,Crash Urgent,30.213817,-97.72824,3500-3628 Chapman Ln,ARCHIVED,17
E07ACF4315BE47D08D88A52B735AA29FF7236F9F_1717349927,2024-06-02 17:38:47+00:00,TRFC HAZD/ DEBRIS,30.351232,-97.48341,15000-15316 E Us 290 Hwy Wb,ARCHIVED,17
D1979B936C2CD632C16030D3129A53A175EBA857_1717350309,2024-06-02 17:45:09+00:00,Crash Urgent,30.148468,-97.854901,FRATE BARKER RD / BRODIE LN,ARCHIVED,17
2CB5C7948AF5BE8AF307030523EEFD7CDB00E8CB_1717350723,2024-06-02 17:52:03+00:00,Crash Service,30.37661,-97.674902,821 E Braker Ln,ARCHIVED,17
E3B16A64D7DF0C49D0CB1325FCEDFE64B216D786_1717351132,2024-06-02 17:58:52+00:00,Crash Service,30.367714,-97.727735,8600 Burnet Rd,ARCHIVED,17
8B62E9BF889637023EC40BDA71AD6F24EE443C1A_1717351208,2024-06-02 18:00:08+00:00,Traffic Hazard,30.377196,-97.676086,11200 N Ih 35 Sb,ARCHIVED,18
BA0B087E84A54FD1CAD7C38A91695633A0C0A859_1717352138,2024-06-02 18:15:38+00:00,Crash Urgent,30.26407,-97.746944,Lavaca St / W Cesar Chavez St,ARCHIVED,18
0A24D3CB30F8C1B8F9ED74664BEAFD46ECCD055D_1717353018,2024-06-02 18:30:18+00:00,TRFC HAZD/ DEBRIS,30.313081,-97.881439,FM 2244 RD / PATTERSON RD,ARCHIVED,18
6218F62A61B714312749174DAEACD7BA347271F0_1717353442,2024-06-02 18:37:22+00:00,Traffic Hazard,30.264758,-97.735105,400 N Ih 35 Sb,ARCHIVED,18
32F1273225AB705A7DEDED07409CFC5820F25345_1717354282,2024-06-02 18:51:22+00:00,Crash Urgent,30.357947,-97.687472,800 E Rundberg Ln,ARCHIVED,18
DF1FA50C9F190117BEC623D72ED64F655EA0360F_1717354832,2024-06-02 19:00:32+00:00,TRFC HAZD/ DEBRIS,30.233583,-97.818332,W Us 290 Hwy Svrd Wb / Brodie Ln,ARCHIVED,19
3154011F0FA752A480FC66220BF9C9BF1336A932_1717355197,2024-06-02 19:06:37+00:00,Traffic Hazard,30.215196,-97.699351,7117-7200 E Ben White Blvd Svrd Eb,ARCHIVED,19
E6058169CBE1692B9BF9E73BE49D2B873BEA58CB_1717355502,2024-06-02 19:11:42+00:00,TRFC HAZD/ DEBRIS,30.308066,-97.893255,FM 2244 RD / CREEKS EDGE PKWY,ARCHIVED,19
5BF575DEDE587691D854C1B985EFF29701C35FCA_1717355668,2024-06-02 19:14:28+00:00,Stalled Vehicle,30.294791,-97.721163,1000 E 38TH ST,ARCHIVED,19
DB5987452717E2FFEF845AB2D6C329551294A18B_1717356005,2024-06-02 19:20:05+00:00,Crash Service,30.254392,-97.716751,2500 E Cesar Chavez St,ARCHIVED,19
4E21B680CC0AAD7B3AE6B2DF22F941E3081BC0B9_1717356616,2024-06-02 19:30:16+00:00,Traffic Hazard,30.268903,-97.777543,Rollingwood Dr / S Mopac Expy Svrd Sb,ARCHIVED,19
E6E50CC4CC91E09DEDDF941F21B397FCE5ED58BD_1717357404,2024-06-02 19:43:24+00:00,Crash Urgent,30.265993,-97.753524,W Cesar Chavez St / Walter Seaholm Dr,ARCHIVED,19
B369414C7CF027CAD9F6D8D9681B1B123DB8477F_1717357488,2024-06-02 19:44:48+00:00,Crash Urgent,30.265993,-97.753524,Walter Seaholm Dr / W Cesar Chavez St,ARCHIVED,19
01EE94B8B3AC84ACBD3A5B852ED4B18846E304CD_1717357841,2024-06-02 19:50:41+00:00,TRFC HAZD/ DEBRIS,30.022899,-97.707923,15557-15656 CAMINO REAL,ARCHIVED,19
18C103DF09F1053DC5221AA29DC2D0FE8B19ED6D_1717358361,2024-06-02 19:59:21+00:00,Crash Service,30.13795,-97.797019,0 E FM 1626 EB TO IH 35 SB RAMP,ARCHIVED,19
57F65C30B490154C57284B8041B201206D440751_1717358457,2024-06-02 20:00:57+00:00,Traffic Hazard,30.252874,-97.724442,2007 Holly St,ARCHIVED,20
8CC3C1DF10AF3703F8D99BE09290114EF658B116_1717358887,2024-06-02 20:08:07+00:00,Crash Urgent,30.240222,-97.726945,2100-2222 E Riverside Dr,ARCHIVED,20
A5FC08549D47B5A635669EDD2F2022C5D48CDEE7_1717359115,2024-06-02 20:11:55+00:00,Traffic Hazard,30.280626,-97.666685,4200-4501 183 Toll Nb,ARCHIVED,20
E9CD53DDAF92AE319B97BE468E175CEF0D6198E1_1717359168,2024-06-02 20:12:48+00:00,Traffic Hazard,30.25062,-97.774808,2100 Bluebonnet Ln,ARCHIVED,20
A2B25FC79F974018341C45A6C06310D933F44E62_1717359289,2024-06-02 20:14:49+00:00,Traffic Hazard,30.273556,-97.697907,Oak Springs Dr / Airport Blvd,ARCHIVED,20
2972171F9CF6653AA953426952B5FFD2535D14A3_1717359682,2024-06-02 20:21:22+00:00,TRFC HAZD/ DEBRIS,30.153026,-97.767132,9200-9509 Bluff Springs Rd,ARCHIVED,20
D45A61D1E1A7032E2B2B123B1A39A1E86091C07F_1717360709,2024-06-02 20:38:29+00:00,COLLISION,30.463853,-97.66881,16300-blk N IH 35 SB,ARCHIVED,20
2E2F7B99FBABB51EC37D8F54B164F309B2A6FC36_1717360823,2024-06-02 20:40:23+00:00,Crash Service,30.356334,-97.750907,7201 Wood Hollow Dr,ARCHIVED,20
BE80DC70441C58446A64B2F526F2770EE63F00C5_1717361205,2024-06-02 20:46:45+00:00,LOOSE LIVESTOCK,30.269236,-97.566324,7001-7621 NEZ PERCE TRCE,ARCHIVED,20
5410535EBA45BDD70048C12AE294F3CAEDDBE6CA_1717361440,2024-06-02 20:50:40+00:00,Traffic Hazard,30.226185,-97.769672,W Ben White Blvd Svrd Eb / S 1st St,ARCHIVED,20
21CB2D42D2E92D6DF6A0CE53A8E5C8884F893B07_1717361653,2024-06-02 20:54:13+00:00,TRFC HAZD/ DEBRIS,30.497248,-97.983656,21901-21935 Fm 1431 Rd,ARCHIVED,20
EEEA8C6D5510BE2A8FC4D34A4E6C0D7BB69407F9_1717363522,2024-06-02 21:25:22+00:00,COLLISN/ LVNG SCN,30.354197,-97.595665,7900-7920 E Parmer Ln,ARCHIVED,21
9BDA887D240782244C93A03F3CF7F2727C71DAF5_1717363888,2024-06-02 21:31:28+00:00,Crash Urgent,30.434641,-97.768641,7311-7423 Mc Neil Dr,ARCHIVED,21
8D4F80DF0D37819CDE3E3D2BB9982D111EBAC97C_1717363957,2024-06-02 21:32:37+00:00,Crash Urgent,30.102339,-97.811579,13400-13915 S Ih 35 Nb,ARCHIVED,21
27B37CBCD1DA7B04F8F78C990FE964C5804E0506_1717364210,2024-06-02 21:36:50+00:00,Crash Urgent,30.271753,-97.681495,1100-1139 Lott Ave,ARCHIVED,21
9AE17B153A32567D1646CAA8C4010174C30AC349_1717364548,2024-06-02 21:42:28+00:00,Crash Urgent,30.37729,-97.658778,Shropshire Blvd / E Braker Ln,ARCHIVED,21
04B69E5006D308A60F286C6D87138324D3C745C6_1717365230,2024-06-02 21:53:50+00:00,Traffic Hazard,30.299379,-97.736399,3400-3415 Home Ln,ARCHIVED,21
259FE583DDD64DF1EFA6B2CBF7A1AFAE427CFA5D_1717365354,2024-06-02 21:55:54+00:00,Traffic Hazard,30.299679,-97.7164,4200 N Ih 35 Upper Deck Nb,ARCHIVED,21
E83F7664870C1105727DD99353D0BFA01B2450B5_1717365975,2024-06-02 22:06:15+00:00,Crash Service,30.26768,-97.741443,201 E 6th St,ARCHIVED,22
54164C3DB2C5171B138C809D3CBE7A6637C31CBF_1717366357,2024-06-02 22:12:37+00:00,Traffic Hazard,30.330449,-97.586001,11014 N Sh 130 Sb,ARCHIVED,22
4B3DD95E69E77EFEAA3844FD6F6F6FFC5C3BD3F1_1717366628,2024-06-02 22:17:08+00:00,Crash Service,30.165489,-97.789515,9300 S Ih 35 Svrd Sb,ARCHIVED,22
BE69557045E8D95F6C5BC62BEA729B2E4BC50A7C_1717366996,2024-06-02 22:23:16+00:00,Traffic Hazard,30.239792,-97.816747,4500-4849 S MOPAC EXPY NB,ARCHIVED,22
4080612570BE15E797C5DAE4449E556F77FAA2FA_1717367824,2024-06-02 22:37:04+00:00,Crash Urgent,30.185877,-97.816338,Davis Ln / Menchaca Rd,ARCHIVED,22
736CCA45634B541786A2049311BC717ECBD88D60_1717367856,2024-06-02 22:37:36+00:00,Traffic Hazard,30.265834,-97.782051,851-939 S Mopac Expy Nb,ARCHIVED,22
A6FB51F36210FA55A23ACA9E4C8C3F346506A42A_1717367896,2024-06-02 22:38:16+00:00,COLLISION,30.439609,-97.670445,14730 N Ih 35 Svrd Sb,ARCHIVED,22
7DFF5635BAC02F55BBF2B802C7C72FBB229B548B_1717368156,2024-06-02 22:42:36+00:00,COLLISION WITH INJURY,30.460273,-97.489322,20812 CAMERON RD,ARCHIVED,22
720280228D832CA4D96E5FD013BDDB398998D000_1717368160,2024-06-02 22:42:40+00:00,Crash Urgent,30.173466,-97.781676,8300 S Ih 35 Nb,ARCHIVED,22
4B7AF5BD2D1026517F203F379E660FE2337A3E33_1717369637,2024-06-02 23:07:17+00:00,Crash Urgent,30.221099,-97.731736,3100-3111 S Pleasant Valley Rd,ARCHIVED,23
7C7B84EEAEC18233E982D101637AB2A4033C6FB0_1717370375,2024-06-02 23:19:35+00:00,Crash Service,30.363249,-97.696957,9400-9515 N Lamar Blvd,ARCHIVED,23
76FBDD2B2EA23E13A5B1DBCF7900B3D92134F3A1_1717370685,2024-06-02 23:24:45+00:00,Traffic Hazard,30.398292,-97.719387,Esperanza Xing / Burnet Rd,ARCHIVED,23
49DD744FF126341803FBB56A028DC0177C24F979_1717372064,2024-06-02 23:47:44+00:00,AUTO/ PED,30.325335,-97.606033,9900 Decker Ln,ARCHIVED,23
CC6F6EDE7B271915DBA0F43119E441804A648724_1717373151,2024-06-03 00:05:51+00:00,Crash Urgent,30.341861,-97.692745,1000-1015 Rutherford Ln,ARCHIVED,0
DF8DF54B701DD50F5DA8FE5C2A2596EFE84A7B05_1717373921,2024-06-03 00:18:41+00:00,COLLISN/ LVNG SCN,30.288194,-97.576591,Fm 973 Rd To N Sh 130 Sb Ramp / N Fm 973 Rd,ARCHIVED,0
5070BE49E5B2AEE2297A3F986768A4AA0E7B1442_1717374712,2024-06-03 00:31:52+00:00,COLLISN/ LVNG SCN,30.280253,-97.610046,Blue Bluff Rd / Decker Lake Rd,ARCHIVED,0
E2FE2412EE50468A9D4867976FF86FD792AE55EE_1717374908,2024-06-03 00:35:08+00:00,COLLISION WITH INJURY,30.125742,-97.811861,12404 OLD SAN ANTONIO RD,ARCHIVED,0
550A4541143D7B239B2641C0000905CA6ADB9994_1717374921,2024-06-03 00:35:21+00:00,COLLISION,30.452049,-97.670417,Pamela Dr / Scarlet St,ARCHIVED,0
51DA62A4D7C1AFEF718CCC35F07551F2BB3879F2_1717375512,2024-06-03 00:45:12+00:00,Traffic Hazard,30.28973,-97.664826,5000-5200 ED BLUESTEIN BLVD SVRD SB,ARCHIVED,0
A4888AB72FD5F8F8E994EB064DE208FF5A8AB1C1_1717375518,2024-06-03 00:45:18+00:00,LOOSE LIVESTOCK,30.040072,-97.65756,18597-19880 Camino Real,ARCHIVED,0
72A13254FD4075AFC60CBC5A7AD2A70066999FEF_1717376094,2024-06-03 00:54:54+00:00,Traffic Hazard,30.288762,-97.722771,3105 N IH 35 SVRD NB,ARCHIVED,0
952B1D3C000DD8B840AD03461F71C71A0CB83086_1717377809,2024-06-03 01:23:29+00:00,Stalled Vehicle,30.211224,-97.824628,3200 W William Cannon Dr,ARCHIVED,1
3AF9CF6CDBCE292B85988DA6C32CC42975B33C86_1717378036,2024-06-03 01:27:16+00:00,VEHICLE FIRE,30.334115,-97.607895,9751-9785 E Us 290 Hwy Svrd Eb,ARCHIVED,1
FBD5C4E21F715AE152ACDD465B3E5BCF3077D0FD_1717378066,2024-06-03 01:27:46+00:00,Traffic Hazard,30.228014,-97.776186,800-1134 W Ben White Blvd Svrd Wb,ARCHIVED,1
D7C9518A46A3CADCE5D9DDD36D2A64EF6C30A0B8_1717378700,2024-06-03 01:38:20+00:00,Crash Urgent,30.257132,-97.72461,98 Chicon St,ARCHIVED,1
9185AC5453C7C4EF45A8DF15BF471DFBBCF628DA_1717379290,2024-06-03 01:48:10+00:00,Crash Urgent,30.193169,-97.738909,NUCKOLS CROSSING RD / E STASSNEY LN,ARCHIVED,1
A7DDD391B75EBF78821C49F97DEC245D2F39D816_1717379515,2024-06-03 01:51:55+00:00,Crash Urgent,30.172234,-97.824301,10001-10231 Menchaca Rd,ARCHIVED,1
925A56FF63FA5B4BC5FCB03B000B740BA3D8015E_1717379587,2024-06-03 01:53:07+00:00,LOOSE LIVESTOCK,30.122022,-97.777969,11642-12426 BRADSHAW RD,ARCHIVED,1
C46908D2D41F34D665E249864E018BADD8BE32FD_1717380988,2024-06-03 02:16:28+00:00,Crash Urgent,30.475139,-97.793989,LAKELINE MALL DR / NORTH LAKE CREEK PKWY,ARCHIVED,2
5F5A68E72217CE4C8A341A1B3BCDB5EDFA8411F4_1717381133,2024-06-03 02:18:53+00:00,Crash Service,30.2768,-97.720549,E 16th St / Chicon St,ARCHIVED,2
3B8BE1DDB4D49FC85D469A4AE81BA0D8FEC52157_1717381774,2024-06-03 02:29:34+00:00,Crash Urgent,30.297205,-97.643325,7902 Aries Ln,ARCHIVED,2
41048BC3417903D2A6B8E3FE2F13D267E25AE256_1717382503,2024-06-03 02:41:43+00:00,TRFC HAZD/ DEBRIS,30.313081,-97.881439,Fm 2244 Rd / Patterson Rd,ARCHIVED,2
7C8D848F32FA1C53815556EE08AA8EE5994C5A51_1717382848,2024-06-03 02:47:28+00:00,Crash Urgent,30.391302,-97.72176,10700-10741 Burnet Rd,ARCHIVED,2
9492DFA1E0A89D7E4FAB574112C048FAF6EF87B3_1717383999,2024-06-03 03:06:39+00:00,Traffic Hazard,30.362782,-97.79536,5851-6125 Fm 2222 Rd,ARCHIVED,3
9E0A916215D99196F44821DFC348C2843EE5B5A7_1717384003,2024-06-03 03:06:43+00:00,Crash Urgent,30.203811,-97.881695,6200-6213 Carrington Dr,ARCHIVED,3
C718AA30A6FF882B7087CE4F1567E335EA77186E_1717384621,2024-06-03 03:17:01+00:00,Stalled Vehicle,30.22688,-97.769241,S 1st St / W Ben White Blvd Svrd Wb,ARCHIVED,3
D05785002742A30502DDE3731B28883334E46040_1717385216,2024-06-03 03:26:56+00:00,Traffic Hazard,30.315117,-97.721742,E 51st St / Avenue G,ARCHIVED,3
C78296AA3AA7F4083D9C41486953ADED522A1F26_1717385983,2024-06-03 03:39:43+00:00,Traffic Hazard,30.171465,-97.739834,5711-6299 E William Cannon Dr,ARCHIVED,3
722A7E9C6DCBB04ED1FFFE8D658EA03CE68F8E01_1717386947,2024-06-03 03:55:47+00:00,Crash Urgent,30.313095,-97.686142,2012-2101 Wheless Ln,ARCHIVED,3
C5E8754637504E5EBF868EFC915AE09CB8BA1C3B_1717391072,2024-06-03 05:04:32+00:00,COLLISN/ LVNG SCN,30.237719,-97.589617,14300-14310 Sandifer St,ARCHIVED,5
88C79C1DC9D13B2B592B9057730DF504809A43C1_1717392313,2024-06-03 05:25:13+00:00,Crash Service,30.306067,-97.74493,1201 W 38th St,ARCHIVED,5
99621FE7E9F6C2AEE4DC5FD804EF346B774689CA_1717392921,2024-06-03 05:35:21+00:00,Crash Service,30.358944,-97.688709,9400 N Ih 35 Svrd Sb,ARCHIVED,5
275CA1C1B6F73ABB5E67F61C11EF17C5620ACD07_1717395779,2024-06-03 06:22:59+00:00,Crash Urgent,30.154446,-97.836824,2005 Marcus Abrams Blvd,ARCHIVED,6
88C79C1DC9D13B2B592B9057730DF504809A43C1_1717396655,2024-06-03 06:37:35+00:00,COLLISN/ LVNG SCN,30.179432,-97.614676,5200 Ross Rd,ARCHIVED,6
1C236C76127575E539A03D4621AA35451321622C_1717396668,2024-06-03 06:37:48+00:00,COLLISN/ LVNG SCN,30.242457,-97.69031,102-246 Bastrop Hwy Sb,ARCHIVED,6
081D56D6B22FC0A22C88402E0DB31FC3825EA4AB_1717400682,2024-06-03 07:44:42+00:00,Crash Urgent,30.409213,-97.673498,12600-12809 N Ih 35 Svrd Nb,ARCHIVED,7
0CF1E822BDEEE81C31642D73DF2A5DB1ABCDB07A_1717405058,2024-06-03 08:57:38+00:00,Traffic Hazard,30.230214,-97.7771,1106-1119 Banister Ln,ARCHIVED,8
52E1D656CD2AE6967E9063CF3290C80502171AE5_1717408723,2024-06-03 09:58:43+00:00,Crash Service,30.440077,-97.669233,0 N Ih 35 Nb At Wells Branch Trn,ARCHIVED,9
4EC9F4EB1CF064513747B5E058DD05F3F6D6B737_1717411338,2024-06-03 10:42:18+00:00,TRFC HAZD/ DEBRIS,30.186136,-97.553446,E Sh 71 Eb / Albert Brown Dr,ARCHIVED,10
9EE516E1256422B2C7CD0402CAD219A36F7E7723_1717411759,2024-06-03 10:49:19+00:00,Crash Urgent,30.429261,-97.842502,8900-9009 N Fm 620 Rd,ARCHIVED,10
ED82ABD47CE01FF81B7493F084EFF25A84D51E95_1717412336,2024-06-03 10:58:56+00:00,Traffic Hazard,30.379963,-97.739025,0 N Cap Tx To Research Sb Ramp,ARCHIVED,10
3D527222FC186AB478A68C855151C7BBA73DFF47_1717413015,2024-06-03 11:10:15+00:00,Crash Service,30.381621,-97.686544,11209 N LAMAR BLVD,ARCHIVED,11
02EFB6CDABCF363D66DA0FC33416F45873AC7D57_1717413432,2024-06-03 11:17:12+00:00,COLLISION,30.225563,-97.632194,1300-blk S Fm 973 Rd,ARCHIVED,11
1D39AD587747B9C15F27B294438DD4145B2A79A9_1717415039,2024-06-03 11:43:59+00:00,Stalled Vehicle,30.402422,-97.657353,12800 Harris Ridge Blvd,ARCHIVED,11
80D5B2A867B21E37CD472071370518DF40FA4F01_1717416738,2024-06-03 12:12:18+00:00,TRFC HAZD/ DEBRIS,30.456362,-97.666997,0 N IH 35 SB AT GRAND AVENUE TRN,ARCHIVED,12
CB197B480A07A794B94CA9D50661DB1FAD2E3873_1717417158,2024-06-03 12:19:18+00:00,Traffic Hazard,30.309019,-97.591958,Bloor Rd / Blue Bluff Rd,ARCHIVED,12
83DF4360232F4B1CC609EDB0620E15005085786D_1717418013,2024-06-03 12:33:33+00:00,LOOSE LIVESTOCK,30.122022,-97.777969,11642-12426 BRADSHAW RD,ARCHIVED,12
2C7EF0922DDD74809CA7CF4FE2F7A8A5E86F6BFA_1717418456,2024-06-03 12:40:56+00:00,Traffic Hazard,30.187995,-97.786808,7306 Lunar Dr,ARCHIVED,12
53EB8055CF041753B3A43D89F2B9503C9BA333E1_1717418819,2024-06-03 12:46:59+00:00,Traffic Hazard,30.216153,-97.745261,1700-2017 E Ben White Blvd Eb,ARCHIVED,12
DA5C7DB3D666DDE998D6A0423E2301A63F097887_1717419474,2024-06-03 12:57:54+00:00,Traffic Hazard,30.182841,-97.687497,Burleson Rd / S Us 183 Hwy Nb,ARCHIVED,12
96C71E10C9F797720254BF8AB512C22BEF680B46_1717419934,2024-06-03 13:05:34+00:00,Traffic Hazard,30.229287,-97.743699,2700 S Ih 35 Nb,ARCHIVED,13
A238EFA1E6BE785257FFA83915DC0E6EF13B355C_1717420448,2024-06-03 13:14:08+00:00,Crash Urgent,30.482008,-97.789395,10318-10348 Lakeline Blvd,ARCHIVED,13
00F36866326DA3B8DDE0D960226DCD6AFB5AF127_1717420788,2024-06-03 13:19:48+00:00,Crash Urgent,30.195283,-97.785924,6800 Bill Hughes Rd,ARCHIVED,13
B6808C6A6514680B9D8425C63148958350B9EAF6_1717421102,2024-06-03 13:25:02+00:00,Crash Urgent,30.405793,-97.668723,12703 CENTER LAKE DR,ARCHIVED,13
855445439C828E15A36D1D2016C2E24C90B52C0F_1717421768,2024-06-03 13:36:08+00:00,LOOSE LIVESTOCK,30.269243,-97.617084,5300-BLK BLUE BLUFF RD,ARCHIVED,13
346F2749EFBE761597FD81E1C0CC286B1587910C_1717421959,2024-06-03 13:39:19+00:00,Traffic Hazard,30.37729,-97.658778,DESSAU RD / E BRAKER LN,ARCHIVED,13
C5BFB955B32F344A6D546172A9D92E711AE92CF4_1717423744,2024-06-03 14:09:04+00:00,COLLISN/ LVNG SCN,30.15293,-97.769438,1601 E SLAUGHTER LN,ARCHIVED,14
1373EA12BAAA638B59CA93994D65CC541259C1BB_1717424070,2024-06-03 14:14:30+00:00,Traffic Hazard,30.354566,-97.675604,9603 Marston Ln,ARCHIVED,14
96E343620E5F9BDF0D829F853C4C3B90B4751D08_1717424519,2024-06-03 14:21:59+00:00,Crash Urgent,30.24682,-97.887942,7500-8229 W Sh 71,ARCHIVED,14
A2DAE302A48D5CBE257B8DB4C150CF14C602A71B_1717425903,2024-06-03 14:45:03+00:00,Traffic Hazard,30.230003,-97.878707,6900-7011 Convict Hill Rd,ARCHIVED,14
9C3D9746E3DEF4E72391716B528F6F3F28368E16_1717428843,2024-06-03 15:34:03+00:00,Crash Service,30.295391,-97.719812,3828 N Ih 35 Svrd Sb,ARCHIVED,15
0E315B1BE59D3D1B148177D3D2C3CC3FA6ADA692_1717429243,2024-06-03 15:40:43+00:00,Crash Urgent,30.266236,-97.782831,Bee Cave Rd / S Mopac Expy Svrd Sb,ARCHIVED,15
066B5BB7A384BED2EDCDC65D0BCAA57C1EE971D0_1717429684,2024-06-03 15:48:04+00:00,Crash Service,30.39227,-97.706711,1910 W Braker Ln,ARCHIVED,15
5070BE49E5B2AEE2297A3F986768A4AA0E7B1442_1717430191,2024-06-03 15:56:31+00:00,Crash Urgent,30.371147,-97.692406,Masterson Pass / N Lamar Blvd,ARCHIVED,15
E668EF2D42BDE2E16C19F7873317CB36E0516B0E_1717430204,2024-06-03 15:56:44+00:00,Traffic Hazard,30.345405,-97.751535,5900-6500 N Mopac Expy Sb,ARCHIVED,15
CD53E2929FBF6B1F6F2069F6FFE5976FD5C31536_1717430328,2024-06-03 15:58:48+00:00,Traffic Hazard,30.229219,-97.78569,Russell Dr / W Ben White Blvd Svrd Wb,ARCHIVED,15
C94C3FF3186FA0560180BA638775323FC4895576_1717431830,2024-06-03 16:23:50+00:00,VEHICLE FIRE,30.17833,-97.615157,4500-5125 Ross Rd,ARCHIVED,16
4E90091068533B241B2634A3599D34ABCA4C11AF_1717432835,2024-06-03 16:40:35+00:00,Crash Urgent,30.250161,-97.735471,1-305 S Ih 35 Svrd Nb,ARCHIVED,16
85CA1FFDE3C0A7F9418AA74D8309CAF5A31749E9_1717433785,2024-06-03 16:56:25+00:00,COLLISION WITH INJURY,30.044088,-97.68871,8700-8789 OLD LOCKHART HWY,ARCHIVED,16
41048BC3417903D2A6B8E3FE2F13D267E25AE256_1717433816,2024-06-03 16:56:56+00:00,Crash Service,30.248525,-97.77057,2021-2199 Kinney Ave,ARCHIVED,16
F044273FF64E6267491ECB277F551DFD17D93576_1717434172,2024-06-03 17:02:52+00:00,Traffic Hazard,30.268382,-97.747706,500 W 5th St,ARCHIVED,17
DE86CC3F60A4A0F9AE1596B865AE93E39C12D4B9_1717434534,2024-06-03 17:08:54+00:00,Crash Urgent,30.332808,-97.686101,Cameron Rd / E Anderson Ln Svrd Wb,ARCHIVED,17
270EBCCA3BA16D800F173FE553E41E1A282156AB_1717434689,2024-06-03 17:11:29+00:00,Traffic Hazard,30.37695,-97.675592,778-783 E Braker Ln,ARCHIVED,17
5B97F2CCB25ECA23648B004D2A87FE8158705549_1717435323,2024-06-03 17:22:03+00:00,Crash Urgent,30.232194,-97.736726,1800-1843 E Oltorf St,ARCHIVED,17
8F851B7763C31844EA6A443A3FE35DE3EA3D4F10_1717435420,2024-06-03 17:23:40+00:00,TRFC HAZD/ DEBRIS,30.414921,-97.892344,7069-7099 COMANCHE TRL,ARCHIVED,17
39736DCBAFB7FA0A7BA7EFD0167B660291181970_1717436220,2024-06-03 17:37:00+00:00,TRFC HAZD/ DEBRIS,30.341168,-97.551939,100-119 S LAMPASAS ST,ARCHIVED,17
00AF91033AEFE00A141CF9CFF3BFE5694379B03D_1717436317,2024-06-03 17:38:37+00:00,Traffic Hazard,30.449102,-97.696422,14400-14532 N Mopac Expy Sb,ARCHIVED,17
C0AED871BAB88520B7E8F8761F7A4AFB605D5410_1717436795,2024-06-03 17:46:35+00:00,Traffic Hazard,30.299608,-97.572534,12100-12425 Bloor Rd,ARCHIVED,17
AB4B14521FFA251F4FFFDA0C8C6CED93433E7268_1717437111,2024-06-03 17:51:51+00:00,Crash Urgent,30.277602,-97.700803,E 13th St / Airport Blvd,ARCHIVED,17
5EC0660A4DCECB1B6FF4CA1A1D48CA532DEAE433_1717437579,2024-06-03 17:59:39+00:00,Crash Urgent,30.358423,-97.620423,6212 Adair Dr,ARCHIVED,17
B227683DD599B19550163F93DF6A091EEBC4FE14_1717439146,2024-06-03 18:25:46+00:00,Crash Service,30.373197,-97.721725,9124 METRIC BLVD,ARCHIVED,18
6D79AC70FCCBE187D7F97AC9E62067753408BC0F_1717439332,2024-06-03 18:28:52+00:00,Traffic Hazard,30.291257,-97.664064,5000-6300 183 Toll Sb,ARCHIVED,18
9D634E9D726305D5B9A7D2E527F6C49DD3603F4F_1717439335,2024-06-03 18:28:55+00:00,Traffic Hazard,30.270826,-97.745422,300-316 W 8TH ST,ARCHIVED,18
E7D24D494117446B0556377ACF5F693114048919_1717439690,2024-06-03 18:34:50+00:00,Crash Urgent,30.304416,-97.7436,3600-3610 N Lamar Blvd,ARCHIVED,18
819547D9BD3B29BDBE5CA0DF502A1EE0F7731D17_1717440251,2024-06-03 18:44:11+00:00,Crash Service,30.176914,-97.77975,8000 S Ih 35 Sb,ARCHIVED,18
73E4409E052D5B11A0FC684DD0B0E87A0C94F988_1717440258,2024-06-03 18:44:18+00:00,COLLISION,30.349334,-97.529984,GREENBURY DR / E US 290 HWY EB,ARCHIVED,18
490E6F8654D79B3C7760DCF5188FCBFB9F4122A9_1717440319,2024-06-03 18:45:19+00:00,Crash Service,30.278511,-97.729078,N Ih 35 Svrd Nb / E Martin Luther King Jr Blvd,ARCHIVED,18
4631E1EB7147851F2AEB66DBC5205A3882CD4C17_1717441172,2024-06-03 18:59:32+00:00,Traffic Hazard,30.455444,-97.825791,Anderson Mill Rd / N Fm 620 Rd,ARCHIVED,18
7167E28632050B446EDAC59DFF38370194317B4A_1717441438,2024-06-03 19:03:58+00:00,Crash Urgent,30.210356,-97.66887,RENTAL CAR LN / SPIRIT OF TEXAS DR,ARCHIVED,19
4CA57359F9485DDB7FBBEBCFF2F6CBA35DA7F416_1717444003,2024-06-03 19:46:43+00:00,TRFC HAZD/ DEBRIS,30.449869,-97.695434,14608-15300 BURNET RD,ARCHIVED,19
133595604EEA1D1266E39CCBB49B582682FD4DB3_1717444168,2024-06-03 19:49:28+00:00,COLLISION,30.035057,-97.687844,10700 N US HWY 183,ARCHIVED,19
CB852047223EB4C0EC2C483D9268EFB97861128A_1717445252,2024-06-03 20:07:32+00:00,Crash Service,30.321426,-97.688896,6815-6923 Berkman Dr,ARCHIVED,20
3154011F0FA752A480FC66220BF9C9BF1336A932_1717446070,2024-06-03 20:21:10+00:00,Crash Service,30.439909,-97.77894,12104 Hunters Chase Dr,ARCHIVED,20
2342784388AF00A5306FE131A3E3F9AE91BCCC0F_1717446282,2024-06-03 20:24:42+00:00,Crash Service,30.164157,-97.788224,9300 S Ih 35 Svrd Sb,ARCHIVED,20
188602E741C1AD458EB69E6AC2B6DED0F4486404_1717446670,2024-06-03 20:31:10+00:00,COLLISION,30.02519,-97.700116,CAMINO REAL / WILLIAMSON RD,ARCHIVED,20
6749B393A4DCF7777745CDD18F3E6FA3B43A2D22_1717448049,2024-06-03 20:54:09+00:00,Traffic Hazard,30.476022,-97.76451,14200-14217 N Fm 620 Rd Nb,ARCHIVED,20
022DD3EB01DE055B6AA3A09AD422629FB128BC26_1717448073,2024-06-03 20:54:33+00:00,TRFC HAZD/ DEBRIS,30.232563,-97.49261,Fm 969 Rd / Blake Manor Rd,ARCHIVED,20
1AE6C5E0E0F345457C3ADB9A0EAD763BA11FDF44_1717448709,2024-06-03 21:05:09+00:00,COLLISION,30.362798,-97.518031,Tower Rd / Samuel Welch Way,ARCHIVED,21
94A4AA8A6B3E6E1E3E7A4A1C2BC10C50FA220BEE_1717449096,2024-06-03 21:11:36+00:00,Traffic Hazard,30.191101,-97.772012,700-812 E WILLIAM CANNON DR,ARCHIVED,21
32F6CBAB415ED6D718F61FC88F136EAFC6DADD31_1717449137,2024-06-03 21:12:17+00:00,TRFC HAZD/ DEBRIS,30.31687,-97.793207,Fast Fox Trl / Toro Canyon Rd,ARCHIVED,21
EE8593B3AF2B2A4FB2CA630BCE6BE677E6585F5C_1717449232,2024-06-03 21:13:52+00:00,Traffic Hazard,30.259885,-97.813906,2430-2728 S Capital Of Texas Hwy Sb,ARCHIVED,21
8CC3C1DF10AF3703F8D99BE09290114EF658B116_1717449659,2024-06-03 21:20:59+00:00,Crash Urgent,30.24561,-97.802648,3600-3755 S Capital Of Texas Hwy Nb,ARCHIVED,21
3CFC55B34E891B01039A034BD40231D1AF0C4114_1717450097,2024-06-03 21:28:17+00:00,Crash Service,30.174069,-97.827189,2210 W Slaughter Ln,ARCHIVED,21
B852035718A45A6479B38C26FA96B28B0C9A8A56_1717451297,2024-06-03 21:48:17+00:00,LOOSE LIVESTOCK,30.148229,-97.562899,7600-blk WOLF LN,ARCHIVED,21
128351137A9C47206C4507DCF2E6FBEECA3A9079_1717451466,2024-06-03 21:51:06+00:00,Traffic Hazard,30.420913,-97.753684,11752-11786 Jollyville Rd,ARCHIVED,21
290448489A06C6A2DC62E82491212444BD6E341F_1717451807,2024-06-03 21:56:47+00:00,Crash Urgent,30.256628,-97.711108,E 5TH ST / N PLEASANT VALLEY RD,ARCHIVED,21
3106DFAF311E3C7E7D6542052825EEEB5C778D4C_1717451894,2024-06-03 21:58:14+00:00,COLLISION,30.349155,-97.55018,11430-11748 E Us 290 Hwy Wb,ARCHIVED,21
0F754698CC619F9AD3277E799702024DCBF3FAEB_1717452928,2024-06-03 22:15:28+00:00,COLLISION,30.349187,-97.548957,11430-11748 E Us 290 Hwy Wb,ARCHIVED,22
76A9E39FC0FB7FEFCE78C4940C4AA5468C8C8DF4_1717452980,2024-06-03 22:16:20+00:00,Crash Urgent,30.230335,-97.759799,3200-3219 S Congress Ave,ARCHIVED,22
3CA160CEAE9440FF85D9E90C5CFF9DA4BCCCD286_1717453491,2024-06-03 22:24:51+00:00,COLLISN/ LVNG SCN,30.459923,-97.69835,14900-15237 N Mopac Expy Svrd Nb,ARCHIVED,22
A1F9EBB629D421DA846278DBDDDACB353598EBFF_1717453667,2024-06-03 22:27:47+00:00,COLLISION,30.459686,-97.698725,15015-15233 N Mopac Expy Nb,ARCHIVED,22
EC99F53E14FDFE8DBD7FFC6455A4B4CF46E5C609_1717453676,2024-06-03 22:27:56+00:00,Crash Service,30.263745,-97.7458,100-119 W Cesar Chavez St,ARCHIVED,22
BEFA2B19820DA7401DBF672069D4AF99A040C200_1717453850,2024-06-03 22:30:50+00:00,Crash Urgent,30.470364,-97.797152,13900-13949 N Us 183 Hwy Svrd Nb,ARCHIVED,22
B124524C4B1ADE45D1DEECBCDEF614FADB3EC205_1717454098,2024-06-03 22:34:58+00:00,Crash Urgent,30.338743,-97.699652,E Anderson Ln Svrd Eb / N Ih 35 Svrd Nb,ARCHIVED,22
9B42C60DFB2B5A8E1C588B0EC793752AA4F299F3_1717454216,2024-06-03 22:36:56+00:00,Traffic Hazard,30.378767,-97.691854,903 WAGON TRL,ARCHIVED,22
FEE8346A5A401A9C314846811346613D2DDF998C_1717454232,2024-06-03 22:37:12+00:00,Crash Service,30.302538,-97.697615,1801 E 51st St,ARCHIVED,22
011C945F30CE2CBAFC452F39840F025693339C42_1717454348,2024-06-03 22:39:08+00:00,Traffic Hazard,30.301656,-97.576759,10500-12037 Bloor Rd,ARCHIVED,22
8B057F39D18E294235AB27685BD61815C856EAA6_1717454638,2024-06-03 22:43:58+00:00,COLLISION,30.349016,-97.545868,11821 E Us 290 Hwy Eb,ARCHIVED,22
0104CF3B45056589309EFFD4D0889E430018B490_1717455586,2024-06-03 22:59:46+00:00,Crash Urgent,30.183351,-97.880241,10500-11020 S Mopac Expy Sb,ARCHIVED,22
E9A20A4AF61C91B0232679BC583058B278FB2926_1717455688,2024-06-03 23:01:28+00:00,Crash Service,30.203686,-97.642048,3132 E Sh 71 Svrd Eb,ARCHIVED,23
CA59BCD3DA4DAAC52F3FCFDC0AB963F65CF421BC_1717455790,2024-06-03 23:03:10+00:00,Crash Urgent,30.172951,-97.785277,S CONGRESS AVE / RALPH ABLANEDO DR,ARCHIVED,23
1C90B882D4AC9C7D95D597BD8B37E3BFA36AEC00_1717456247,2024-06-03 23:10:47+00:00,Crash Urgent,30.315309,-97.741383,1300-1399 W 45th St,ARCHIVED,23
BC77B0705ECD0E9B1735332131C54C8EA571C491_1717456487,2024-06-03 23:14:47+00:00,COLLISN/ LVNG SCN,30.439242,-97.686069,2323 W Wells Branch Pkwy,ARCHIVED,23
4F2B344C5268B61FB41F14C640AEAF89BB7AE6D7_1717456577,2024-06-03 23:16:17+00:00,Traffic Hazard,30.270329,-97.732476,718-725 E 11th St,ARCHIVED,23
0AEC17CE3BFF113E1C7C16E9D9DCAF90BF590974_1717457010,2024-06-03 23:23:30+00:00,Traffic Hazard,30.239682,-97.752917,2301 S Congress Ave,ARCHIVED,23
83EC73D69436A58D7BD6BA448A17C1AA22D950C8_1717457052,2024-06-03 23:24:12+00:00,Crash Urgent,30.399946,-97.680853,900-1415 WALNUT CREEK PARK RD,ARCHIVED,23
80658C64F144849DE7740BF64D7CA5A88EF951B6_1717457191,2024-06-03 23:26:31+00:00,Traffic Hazard,30.313901,-97.652545,5512 Burgundy Dr,ARCHIVED,23
17E89C359872F5659B5D7892BA8E52821C93EEF3_1717457627,2024-06-03 23:33:47+00:00,Crash Service,30.321101,-97.71666,5700-5822 Duval St,ARCHIVED,23
618DCDFB0CD9AE4481164961C4796DD8E3930C8D_1717457768,2024-06-03 23:36:08+00:00,Crash Service,30.34434,-97.671903,1800-1841 Ferguson Ln,ARCHIVED,23
7F1426A678C0021BBBF19EB1D7D6353054809224_1717457922,2024-06-03 23:38:42+00:00,Crash Urgent,30.38863,-97.749846,9336-9498 N Capital Of Texas Hwy Sb,ARCHIVED,23
15D1EE116284B85E5DE3E00564518367FE994DE7_1717457951,2024-06-03 23:39:11+00:00,Traffic Hazard,30.250718,-97.683685,800-855 Ed Bluestein Blvd Svrd Nb,ARCHIVED,23
430D53392925E841EF2DAA3C47DADD8DE98241F0_1717458290,2024-06-03 23:44:50+00:00,Crash Urgent,30.314445,-97.663289,7112 Ed Bluestein Blvd Svrd Sb,ARCHIVED,23
6FD599B68B363C01A1296645DA4305D3313EBB3F_1717459042,2024-06-03 23:57:22+00:00,Crash Urgent,30.376581,-97.674844,800-849 E Braker Ln,ARCHIVED,23
26CED0B5EA2B6F3C8B1E5090A6CDBDFAE5A6F853_1717459177,2024-06-03 23:59:37+00:00,Crash Urgent,30.37661,-97.674902,821 E Braker Ln,ARCHIVED,23
8625B37CD2002510D8A44BF30088560F7CED9EED_1717459659,2024-06-04 00:07:39+00:00,Traffic Hazard,30.184508,-97.78163,7300-7438 S Congress Ave,ARCHIVED,0
06610FA060E114F26AD7660390D7D9864E0095D8_1717460380,2024-06-04 00:19:40+00:00,Traffic Hazard,30.2474,-97.774269,2237-2312 S Lamar Blvd,ARCHIVED,0
634DE0A75896238BFD3F5886F6062F00DA3D0B56_1717460664,2024-06-04 00:24:24+00:00,Stalled Vehicle,30.265843,-97.738589,500 E 5th St,ARCHIVED,0
A9E76F7F478C7BE32C80F3BB0B7CC06E002D25BB_1717461096,2024-06-04 00:31:36+00:00,Crash Service,30.357859,-97.687529,E Rundberg Ln / N Ih 35 Svrd Nb,ARCHIVED,0
64C84E952453CD25D3097C7CFB8BA8178A0D109F_1717461505,2024-06-04 00:38:25+00:00,Traffic Hazard,30.213939,-97.705757,6304-6760 E BEN WHITE BLVD SVRD WB,ARCHIVED,0
16A39286EB1BC47CBCC280AE068124E5A9661ABC_1717461577,2024-06-04 00:39:37+00:00,TRFC HAZD/ DEBRIS,30.30512,-97.619684,7916 Decker Ln,ARCHIVED,0
C0AED871BAB88520B7E8F8761F7A4AFB605D5410_1717461791,2024-06-04 00:43:11+00:00,TRFC HAZD/ DEBRIS,30.248866,-97.560975,N DUNLAP RD / FM 969 RD,ARCHIVED,0
9147343D9851D9A4727FAB30D6594B416109E55A_1717461867,2024-06-04 00:44:27+00:00,Traffic Hazard,30.191176,-97.779551,S Congress Ave / Clearday Dr,ARCHIVED,0
0864A91883AB86909614F36A588EE81376A25C45_1717463748,2024-06-04 01:15:48+00:00,TRFC HAZD/ DEBRIS,30.354879,-97.570144,9917 Hill Ln,ARCHIVED,1
85FD66C7749E88C463DC95E6098772B2532EC065_1717465132,2024-06-04 01:38:52+00:00,Traffic Hazard,30.313965,-97.652677,5506 Burgundy Dr,ARCHIVED,1
749FA825D1F9D8E78BD2495940F92586C04EF35A_1717466093,2024-06-04 01:54:53+00:00,Crash Urgent,30.337828,-97.661816,9020 Tuscany Way,ARCHIVED,1
B227683DD599B19550163F93DF6A091EEBC4FE14_1717466928,2024-06-04 02:08:48+00:00,TRFC HAZD/ DEBRIS,30.390709,-97.597768,13014-14120 Cameron Rd,ARCHIVED,2
B8509B02CC4C001875E9FCB20F3C7C0DF970B5A0_1717468448,2024-06-04 02:34:08+00:00,Traffic Hazard,30.155429,-97.858885,Yandall Dr / Brodie Ln,ARCHIVED,2
0FA6BCA242CCB96697E8DE570882C6B38746591A_1717470378,2024-06-04 03:06:18+00:00,Crash Urgent,30.218978,-97.807181,West Gate Blvd / W Stassney Ln,ARCHIVED,3
7841FB1F92B99194CA818D410CB09430731B6285_1717471145,2024-06-04 03:19:05+00:00,Traffic Hazard,30.360441,-97.686226,9421-10005 N IH 35 SVRD NB,ARCHIVED,3
F73EA162F0ED315F3D7F8E2C79A2A4144091A128_1717472170,2024-06-04 03:36:10+00:00,Crash Urgent,30.377191,-97.658666,Dessau Rd / E Braker Ln,ARCHIVED,3
4969DE54A08304D642C196AC05D389BBBB255571_1717474118,2024-06-04 04:08:38+00:00,Crash Urgent,30.394973,-97.672099,12200 N Ih 35 Svrd Sb,ARCHIVED,4
A20F01A742A1C4E4A9A79543BCD5388BD2244696_1717475757,2024-06-04 04:35:57+00:00,Crash Service,30.354755,-97.703748,8610 N Lamar Blvd,ARCHIVED,4
D60AF283B62280A8D737359C8859C0142AAF28C0_1717476123,2024-06-04 04:42:03+00:00,Crash Service,30.316946,-97.623698,7601 Daffan Ln,ARCHIVED,4
C634A167030B9BACA992D8A88AE52B909833DD12_1717477979,2024-06-04 05:12:59+00:00,TRFC HAZD/ DEBRIS,30.368333,-97.893553,2900 N QUINLAN PARK RD,ARCHIVED,5
E5FE83A7EFBF591DEB9C3274D458729A2E26227E_1717481864,2024-06-04 06:17:44+00:00,Crash Urgent,30.336541,-97.694187,1000-1064 E ANDERSON LN SVRD WB,ARCHIVED,6
322D4D7214A6E86E667EFE2B0064225A8882B628_1717490613,2024-06-04 08:43:33+00:00,Crash Service,30.334378,-97.615933,9700 E Us 290 Hwy Svrd Wb,ARCHIVED,8
6D04A668CCC2166D714A086DF60ACA8082ED8667_1717493061,2024-06-04 09:24:21+00:00,Stalled Vehicle,30.37007,-97.720268,8900 Research Blvd Sb,ARCHIVED,9
B0A5BD0C190E9CE1A7B0CF390F1326326830EB7D_1717497295,2024-06-04 10:34:55+00:00,Crash Urgent,30.441048,-97.664483,1425-1509 W Wells Branch Pkwy,ARCHIVED,10
ECBBA657698CD0456AE5C2E9D24999B77C4A8498_1717499437,2024-06-04 11:10:37+00:00,Crash Urgent,30.297488,-97.718037,4000 N Ih 35 Sb,ARCHIVED,11
9A1DDA7B8B0B4516ECE09BF09181CC18BD09D931_1717499446,2024-06-04 11:10:46+00:00,Crash Urgent,30.216636,-97.720187,3006 Alvin Devane Blvd,ARCHIVED,11
1D3309AE08FFC29BCA69577541E57D3D5AB66341_1717499910,2024-06-04 11:18:30+00:00,Crash Urgent,30.169218,-97.738622,6311-6323 E William Cannon Dr,ARCHIVED,11
D1D904BDB4FAEC931ACB49890B51B0657C0BB751_1717500579,2024-06-04 11:29:39+00:00,Stalled Vehicle,30.382775,-97.674154,N Ih 35 Svrd Sb / Meadow Lark Ave,ARCHIVED,11
6C505DF96F1FAAB539199949572820B2C90F6959_1717500760,2024-06-04 11:32:40+00:00,COLLISION WITH INJURY,30.448716,-97.661714,Fm 1825 Rd / Vision Dr,ARCHIVED,11
6F510F4A180384CE18F926AB595E20AE16FA1E2E_1717501037,2024-06-04 11:37:17+00:00,Crash Urgent,30.297488,-97.718037,4000 N Ih 35 Sb,ARCHIVED,11
98A0AE781A4FC04FC2F55A87178C8BD2CCAEA8A7_1717501339,2024-06-04 11:42:19+00:00,Crash Service,30.388805,-97.746874,9500-9531 N Capital Of Texas Hwy Nb,ARCHIVED,11
1D39AD587747B9C15F27B294438DD4145B2A79A9_1717501534,2024-06-04 11:45:34+00:00,Traffic Hazard,30.26123,-97.736767,E Cesar Chavez St / N Ih 35 Svrd Sb,ARCHIVED,11
5275AA6E7680CE5BA67569B23119BDA775D6C41F_1717501796,2024-06-04 11:49:56+00:00,Stalled Vehicle,30.210356,-97.66887,Spirit Of Texas Dr / Rental Car Ln,ARCHIVED,11
CAB1712687E44189836447CABE02AFAE8B75EE57_1717502041,2024-06-04 11:54:01+00:00,Crash Service,30.194491,-97.623434,4000-4199 E Sh 71 Svrd Wb,ARCHIVED,11
39CACD2E0A5452368CB72F0A56F73C9D1F846043_1717504725,2024-06-04 12:38:45+00:00,Crash Urgent,30.278754,-97.731387,600-712 E Martin Luther King Jr Blvd,ARCHIVED,12
22578BD38EF7CE8C61CA0F4551751F7E861D015F_1717505491,2024-06-04 12:51:31+00:00,Traffic Hazard,30.250952,-97.691662,7201 Levander Loop,ARCHIVED,12
DDBB141078B540EC288D6E979A6711B536EC364B_1717505627,2024-06-04 12:53:47+00:00,Traffic Hazard,30.337189,-97.683412,8008-8110 Cameron Rd,ARCHIVED,12
855445439C828E15A36D1D2016C2E24C90B52C0F_1717505668,2024-06-04 12:54:28+00:00,COLLISION WITH INJURY,30.326149,-97.638548,8700-Blk OLD MANOR RD,ARCHIVED,12
B8498461241FA56517A1D18BF8BC626C97D3EA17_1717505907,2024-06-04 12:58:27+00:00,Traffic Hazard,30.443674,-97.742154,6010-6042 W Parmer Ln,ARCHIVED,12
8438CF44407BA4A7DA125113618754B60222B550_1717506293,2024-06-04 13:04:53+00:00,Crash Service,30.2166,-97.797303,5500 Menchaca Rd,ARCHIVED,13
A238EFA1E6BE785257FFA83915DC0E6EF13B355C_1717506608,2024-06-04 13:10:08+00:00,Traffic Hazard,30.221464,-97.674555,1513-1579 E Sh 71 Wb,ARCHIVED,13
85B3F5B04A998A8C4C2CA9D70A2A55BD5FEBBAE2_1717506983,2024-06-04 13:16:23+00:00,Traffic Hazard,30.26123,-97.736767,N Ih 35 Svrd Sb / E Cesar Chavez St,ARCHIVED,13
346F2749EFBE761597FD81E1C0CC286B1587910C_1717507972,2024-06-04 13:32:52+00:00,Crash Urgent,30.250134,-97.805921,3300-3319 S Capital Of Texas Hwy Nb,ARCHIVED,13
E1687F7478020253F747B6F9BAF48D571471B18C_1717508542,2024-06-04 13:42:22+00:00,Traffic Hazard,30.266837,-97.670843,3200-3316 183 Toll Sb,ARCHIVED,13
2679177AB72E21C72B67D96BEC06F5F0E2E70CD9_1717508809,2024-06-04 13:46:49+00:00,Crash Urgent,30.232262,-97.791287,4000-4316 Victory Dr,ARCHIVED,13
6DCD893290A7BAAAE34612719B32E34651AAB157_1717508847,2024-06-04 13:47:27+00:00,Traffic Hazard,30.278373,-97.690794,Luna St / E 12th St,ARCHIVED,13
D9B55863436F0FDA0DB648E8B219654141FC8270_1717509472,2024-06-04 13:57:52+00:00,Traffic Hazard,30.407895,-97.678047,1002-1032 W Parmer Ln,ARCHIVED,13
C92F34C01E24476CD2D063505C71FA32574481B1_1717509723,2024-06-04 14:02:03+00:00,Traffic Hazard,30.303616,-97.716038,E 45th St / Airport Blvd,ARCHIVED,14
871C239CCC397E937272817BA4B58F48AF0BC3BC_1717509967,2024-06-04 14:06:07+00:00,Traffic Hazard,30.229512,-97.828371,5400-5648 S Mopac Expy Sb,ARCHIVED,14
ADABAF1DC5B7F34B10D06F9F8D60E7204053A7C1_1717510129,2024-06-04 14:08:49+00:00,Crash Urgent,30.334924,-97.739809,5908 Burnet Rd,ARCHIVED,14
D9D1492C96AD97F85C42C0A1B99E8CD57E8DCE2E_1717510283,2024-06-04 14:11:23+00:00,Crash Urgent,30.329246,-97.650969,9208-9274 E Us 290 Hwy Svrd Wb,ARCHIVED,14
31000790222225F0C2D33C517CBEF665AD601A4B_1717510518,2024-06-04 14:15:18+00:00,COLLISION,30.448869,-97.656096,2700-blk W Pecan St,ARCHIVED,14
6C53D5A4945EC20E85EEE6BA10FA711C8606EBD0_1717511426,2024-06-04 14:30:26+00:00,Traffic Hazard,30.252973,-97.736083,20-25 N Ih 35 Svrd Nb,ARCHIVED,14
E6F8447A0C2028A9723BD1FCBBD48B0AA5F2EBA0_1717512016,2024-06-04 14:40:16+00:00,COLLISION,30.333208,-97.687019,1206-1432 E ANDERSON LN SVRD WB,ARCHIVED,14
3A8F35FDD6232E7B5FFFF2C41EAEAA7FE408C88B_1717512482,2024-06-04 14:48:02+00:00,Crash Service,30.175429,-97.780095,8113 S Ih 35 Svrd Nb,ARCHIVED,14
59DC237DF3D441B6D490394E32CD6A41B3358D2F_1717512589,2024-06-04 14:49:49+00:00,Traffic Hazard,30.367662,-97.769117,Long Point Dr / Greystone Dr,ARCHIVED,14
2ACFC192F7F74E84214FF5DDCBCE2BDAAA73C3A0_1717512597,2024-06-04 14:49:57+00:00,Crash Urgent,30.368689,-97.652182,11100-11105 Worn Sole Dr,ARCHIVED,14
F4647C599F9938F5990A0E45A9245A75C4C86950_1717512862,2024-06-04 14:54:22+00:00,Traffic Hazard,30.36325,-97.717383,8700 Research Blvd Nb,ARCHIVED,14
9B81AB8B62E90FA70A75B819D6F773CC281D6F75_1717513049,2024-06-04 14:57:29+00:00,Crash Urgent,30.406433,-97.642509,1113-1437 E Howard Ln,ARCHIVED,14
49DD744FF126341803FBB56A028DC0177C24F979_1717513804,2024-06-04 15:10:04+00:00,Crash Urgent,30.290857,-97.663472,5315 Ed Bluestein Blvd Svrd Nb,ARCHIVED,15
0EB7B29E307538E202BD733E1DF3A34884C5B5A8_1717514396,2024-06-04 15:19:56+00:00,Traffic Hazard,30.172454,-97.722003,Dee Gabriel Collins Rd / Mc Kinney Falls Pkwy,ARCHIVED,15
E371F482F5DDEBE058CCEC70432A6FEF7C6FC872_1717514795,2024-06-04 15:26:35+00:00,Traffic Hazard,30.257941,-97.787521,Barton Skwy / Spyglass Dr,ARCHIVED,15
E2FE2412EE50468A9D4867976FF86FD792AE55EE_1717515111,2024-06-04 15:31:51+00:00,Traffic Hazard,30.392265,-97.70826,Metric Blvd / W Braker Ln,ARCHIVED,15
4A1432C03DFFE532268819E1F8AB3083818ACE50_1717515488,2024-06-04 15:38:08+00:00,TRFC HAZD/ DEBRIS,30.426049,-97.643119,900-blk Sally Lunn Way,ARCHIVED,15
A1F9EBB629D421DA846278DBDDDACB353598EBFF_1717516367,2024-06-04 15:52:47+00:00,Crash Urgent,30.194606,-97.701386,Burleson Rd / Breckenridge Dr,ARCHIVED,15
01E3A3BB9CD2511B27D53D2F775104E07AC4F107_1717517079,2024-06-04 16:04:39+00:00,Traffic Hazard,30.207273,-97.715409,3505 Montopolis Dr,ARCHIVED,16
C84C7C86AC0619B3CD69A0F9D185EB5D6030D751_1717517274,2024-06-04 16:07:54+00:00,COLLISN/ LVNG SCN,30.360042,-97.512171,Tower Rd / Bois D Arc Rd,ARCHIVED,16
7913B58EA58F94C503B9830B71997A88E35BAF13_1717518108,2024-06-04 16:21:48+00:00,Crash Urgent,30.279831,-97.755698,1303 Lorrain St,ARCHIVED,16
C18599781823E7340AFF1F2B4D728F0FEBDEC4A6_1717518147,2024-06-04 16:22:27+00:00,COLLISION,30.227779,-97.821566,5600-blk Brodie Ln,ARCHIVED,16
30C7F38CFAC4993FB952CB0919DC36471D0B1F6F_1717518230,2024-06-04 16:23:50+00:00,COLLISION WITH INJURY,30.419553,-97.621172,1714-2014 Rendova Ln,ARCHIVED,16
F818D3A787EF337609399B092B4C3E0E4BF7D9E6_1717518294,2024-06-04 16:24:54+00:00,TRFC HAZD/ DEBRIS,30.233924,-97.907491,8328-8526 W Us 290 Hwy,ARCHIVED,16
8F851B7763C31844EA6A443A3FE35DE3EA3D4F10_1717519242,2024-06-04 16:40:42+00:00,LOOSE LIVESTOCK,30.088899,-97.674572,11346-11375 Maha Loop Rd,ARCHIVED,16
8C99E890FB1DC905B1E23FC12A520D0B6178F51A_1717520335,2024-06-04 16:58:55+00:00,Traffic Hazard,30.336785,-97.755956,N Mopac Expy Svrd Sb / Northland Dr,ARCHIVED,16
16E17C45C724580956A7BC61318DF498668D2508_1717520779,2024-06-04 17:06:19+00:00,Crash Service,30.241641,-97.758614,539 W Oltorf St,ARCHIVED,17
28BA0C2E163D433D4EC5EDC8982EE3A2146A0D24_1717520789,2024-06-04 17:06:29+00:00,COLLISN/ LVNG SCN,30.317175,-97.919419,2209 N Rimrock Dr,ARCHIVED,17
3618330405CD5B4442F29655D0FD0538A8AEBF83_1717520825,2024-06-04 17:07:05+00:00,TRFC HAZD/ DEBRIS,30.474378,-97.960312,19822-19929 Fm 1431 Rd,ARCHIVED,17
22578BD38EF7CE8C61CA0F4551751F7E861D015F_1717521210,2024-06-04 17:13:30+00:00,TRFC HAZD/ DEBRIS,30.295945,-97.827439,S Capital Of Texas Hwy Nb / Bee Caves Eb To Cap Tx Nb Ramp,ARCHIVED,17
DEFD225ED09903FC734751D6F9E1C07BE9D86A83_1717521275,2024-06-04 17:14:35+00:00,Crash Urgent,30.395763,-97.64749,1453 Bradbury Ln,ARCHIVED,17
B7341ADE93B73941045D59D28699793EECDF673D_1717522078,2024-06-04 17:27:58+00:00,Traffic Hazard,30.244808,-97.759206,2210 S 2nd St,ARCHIVED,17
8CBC3E572CC892F03DC08C8EE359C71AAB846DB6_1717522621,2024-06-04 17:37:01+00:00,TRFC HAZD/ DEBRIS,30.454136,-97.683178,3000-blk SHORELINE DR,ARCHIVED,17
B227683DD599B19550163F93DF6A091EEBC4FE14_1717523210,2024-06-04 17:46:50+00:00,Crash Urgent,30.278396,-97.772992,2411 Lake Austin Blvd,ARCHIVED,17
ADFB3113F827A8F0E2C41436C49511B2F5466B47_1717523319,2024-06-04 17:48:39+00:00,COLLISION,30.278005,-97.772437,2400-blk Lake Austin Blvd,ARCHIVED,17
9D634E9D726305D5B9A7D2E527F6C49DD3603F4F_1717523542,2024-06-04 17:52:22+00:00,Traffic Hazard,30.339413,-97.803469,Cedar St / N Capital Of Texas Hwy Nb,ARCHIVED,17
5071465A43CAC422CBF59350A6D40CC0635E266C_1717523899,2024-06-04 17:58:19+00:00,Traffic Hazard,30.432229,-97.728035,5014-5302 W Parmer Ln,ARCHIVED,17
819547D9BD3B29BDBE5CA0DF502A1EE0F7731D17_1717524329,2024-06-04 18:05:29+00:00,Crash Urgent,30.388684,-97.657821,12243 Chelsea Glen Pl,ARCHIVED,18
3433C310742F1C73C2CD2622BFC3CFB7C6D25350_1717524726,2024-06-04 18:12:06+00:00,Crash Urgent,30.182658,-97.847809,3400 W Slaughter Ln,ARCHIVED,18
E1687F7478020253F747B6F9BAF48D571471B18C_1717524883,2024-06-04 18:14:43+00:00,COLLISN/ LVNG SCN,30.411563,-97.421498,16900-BLK WELLS RD,ARCHIVED,18
748E3CF5795E1703267FD891905C54B15D2D2547_1717525069,2024-06-04 18:17:49+00:00,Traffic Hazard,30.301821,-97.715149,4500 N Ih 35 Nb,ARCHIVED,18
51C86E5A56854DBD8F91BCB9B15CF18A2F766032_1717526295,2024-06-04 18:38:15+00:00,Traffic Hazard,30.21182,-97.857727,8100 S Mopac Expy Sb,ARCHIVED,18
C11D13FD83B4BA20B841137B06C66D333550F2FC_1717526618,2024-06-04 18:43:38+00:00,Traffic Hazard,30.263513,-97.730942,E 5th St / Waller St,ARCHIVED,18
8B62E9BF889637023EC40BDA71AD6F24EE443C1A_1717526677,2024-06-04 18:44:37+00:00,Stalled Vehicle,30.21261,-97.65875,E Sh 71 Svrd Eb / Presidential Blvd,ARCHIVED,18
267F8AE4D60F1F431986432689DEE51E319E1924_1717527496,2024-06-04 18:58:16+00:00,Traffic Hazard,30.283722,-97.76515,N Mopac Expy Nb / W Cesar Chavez To Mopa Nb Ramp,ARCHIVED,18
FB35F43321FE5442C0B0FA21555042771B5BFBDF_1717528166,2024-06-04 19:09:26+00:00,Traffic Hazard,30.243939,-97.764334,W Oltorf St / S 5th St,ARCHIVED,19
CABB2209C2B6AC28CD023A92013A39E9F4D9FB0C_1717528174,2024-06-04 19:09:34+00:00,Stalled Vehicle,30.296214,-97.71894,3700 N IH 35 UPPER DECK SB,ARCHIVED,19
B4916DB7F02E43309DD837DF807056ADBBA18946_1717528727,2024-06-04 19:18:47+00:00,COLLISION,30.296341,-97.830679,6200 Fm 2244 Rd,ARCHIVED,19
F8C4F82A0BB5BC59B5F5DE23E91466CFE636D5BC_1717528755,2024-06-04 19:19:15+00:00,Traffic Hazard,30.230361,-97.788054,W Ben White Blvd Svrd Wb / Menchaca Rd,ARCHIVED,19
D68D511A802252FA03DE1BBB8519C655446E2054_1717529021,2024-06-04 19:23:41+00:00,COLLISION,30.296341,-97.830679,6200 Fm 2244 Rd,ARCHIVED,19
E34406E2ABB8FB744A5E9281A5BCFF011C260650_1717529514,2024-06-04 19:31:54+00:00,Traffic Hazard,30.316095,-97.745748,4407 Shoalwood Ave,ARCHIVED,19
CB852047223EB4C0EC2C483D9268EFB97861128A_1717529599,2024-06-04 19:33:19+00:00,Traffic Hazard,30.256892,-97.723952,1900-1916 E Cesar Chavez St,ARCHIVED,19
0815E831C7F892AEC1D270A225119713A6ED6F3A_1717529670,2024-06-04 19:34:30+00:00,TRFC HAZD/ DEBRIS,30.275314,-97.914136,W Sh 71 / Southwest Pkwy,ARCHIVED,19
32F1273225AB705A7DEDED07409CFC5820F25345_1717530209,2024-06-04 19:43:29+00:00,Traffic Hazard,30.437344,-97.69897,12900-14249 N Mopac Expy Nb,ARCHIVED,19
E7F9EFF0E81057A5C8FE41CABE4D9C6EEA82DAA0_1717530558,2024-06-04 19:49:18+00:00,Traffic Hazard,30.358391,-97.688588,E Rundberg Ln / N Ih 35 Svrd Sb,ARCHIVED,19
9638A01A04D42299718C6309475126CF6E62A459_1717530821,2024-06-04 19:53:41+00:00,Crash Service,30.27808,-97.736425,San Jacinto Blvd / E 17th St,ARCHIVED,19
71EA8C8066411034867A2D0BD2C4D1B56F45AF2B_1717531559,2024-06-04 20:05:59+00:00,COLLISN/ LVNG SCN,30.31439,-97.982247,14900-15033 VIA DEL CORSO DR,ARCHIVED,20
1F62B8ED2C054CF3BAB71F1B52CA8AEE33B4CF82_1717531757,2024-06-04 20:09:17+00:00,Crash Urgent,30.304933,-97.660118,6500-6571 ED BLUESTEIN BLVD SVRD NB,ARCHIVED,20
E191806F057D4764D052354C3DC525868B91D707_1717532008,2024-06-04 20:13:28+00:00,Crash Urgent,30.383985,-97.685148,704 W Scurry St,ARCHIVED,20
7353E3051F54AAD2559A3C0AF3FD6B7476032D34_1717532638,2024-06-04 20:23:58+00:00,COLLISION,30.349013,-97.554481,11300 E US 290 HWY WB,ARCHIVED,20
4758520F4C2D237EA28E5E67F237DE4D96276C85_1717533393,2024-06-04 20:36:33+00:00,Crash Service,30.272748,-97.741106,E 11th St / Congress Ave,ARCHIVED,20
57F65C30B490154C57284B8041B201206D440751_1717533869,2024-06-04 20:44:29+00:00,Crash Urgent,30.150771,-97.754281,E Slaughter Ln / Vertex Blvd,ARCHIVED,20
8CC3C1DF10AF3703F8D99BE09290114EF658B116_1717534396,2024-06-04 20:53:16+00:00,Traffic Hazard,30.235734,-97.793099,4011-4209 S Lamar Blvd Svrd Nb,ARCHIVED,20
7A20AC5AEB7C70ACDEAC71C9D4EBE7AC17F7CE7E_1717535274,2024-06-04 21:07:54+00:00,Stalled Vehicle,30.234282,-97.795623,S Lamar Blvd Svrd Nb / W Ben White Blvd Svrd Wb,ARCHIVED,21
E4BD9B6C49214CA8D8AD295FB4B1E7E79022DF16_1717535449,2024-06-04 21:10:49+00:00,COLLISION,30.361477,-97.717079,8600 RESEARCH BLVD SB,ARCHIVED,21
925A56FF63FA5B4BC5FCB03B000B740BA3D8015E_1717535625,2024-06-04 21:13:45+00:00,LOOSE LIVESTOCK,30.307954,-97.515105,PARSONS RD / LOCKWOOD RD,ARCHIVED,21
8554FE9EE0ED24D97CC3B500A33D4320C0FCD5A3_1717535718,2024-06-04 21:15:18+00:00,Crash Urgent,30.264656,-97.749118,San Antonio St / W Cesar Chavez St,ARCHIVED,21
08BC846FFF3A96EB1D36D184F604497CFF2F3727_1717535899,2024-06-04 21:18:19+00:00,COLLISION,30.425223,-97.67321,W Howard Ln / Maye Pl,ARCHIVED,21
DD2DFA50DC8FECA1E5303A87B2C6A42DB3EBE102_1717535901,2024-06-04 21:18:21+00:00,Crash Service,30.41321,-97.690718,1801 W PARMER LN,ARCHIVED,21
8422051640D7C9A740564EFF35FBDCE111C6C557_1717536419,2024-06-04 21:26:59+00:00,Crash Urgent,30.257361,-97.737383,Holly St / River St,ARCHIVED,21
2B669C9296380E84B1308058C9C5E6917A9510E9_1717537281,2024-06-04 21:41:21+00:00,Crash Urgent,30.212708,-97.877559,6209 Clarion Dr,ARCHIVED,21
F7582E683F6EE18F9F96A0AD2E2B538657F8F284_1717537635,2024-06-04 21:47:15+00:00,TRFC HAZD/ DEBRIS,30.29643,-97.831081,6100-6325 Fm 2244 Rd,ARCHIVED,21
7AA354EBD11CE97D09FB46CD0054261878FB9060_1717538054,2024-06-04 21:54:14+00:00,COLLISN/ LVNG SCN,30.316951,-97.623708,7600-blk Daffan Ln,ARCHIVED,21
05FA2DE99C48086B28D6E7A491A75F6F313AF79D_1717538086,2024-06-04 21:54:46+00:00,Crash Urgent,30.356845,-97.732504,2525 W Anderson Ln,ARCHIVED,21
27B37CBCD1DA7B04F8F78C990FE964C5804E0506_1717538454,2024-06-04 22:00:54+00:00,Crash Urgent,30.208581,-97.804844,MENCHACA RD / BERKELEY AVE,ARCHIVED,22
5B97F2CCB25ECA23648B004D2A87FE8158705549_1717538638,2024-06-04 22:03:58+00:00,COLLISION/PRIVATE PROPERTY,30.511915,-97.911318,18220 Fm 1431 Rd,ARCHIVED,22
081BE7C370BF9E7B4C6E696276C1B2D57623B26B_1717539733,2024-06-04 22:22:13+00:00,Crash Urgent,30.456255,-97.824953,11601-11803 N Fm 620 Rd,ARCHIVED,22
4B19229E380E9CA29673FDB967FD09CDCF4B5B44_1717540054,2024-06-04 22:27:34+00:00,Crash Service,30.266823,-97.734666,E 7th St / N Ih 35 Svrd Sb,ARCHIVED,22
0103B8C397F0C92E47D9D803B50740B2C6B015C3_1717540804,2024-06-04 22:40:04+00:00,COLLISN/ LVNG SCN,30.295734,-97.828261,6000-6009 Fm 2244 Rd,ARCHIVED,22
73CA0CCD6FF3D0CA58884DEAAAD9E042EC048A8F_1717541043,2024-06-04 22:44:03+00:00,COLLISION,30.11228,-97.811402,13300-14511 Old San Antonio Rd,ARCHIVED,22
B7553C6080F116F0115B1F080E03484B98292D8B_1717541207,2024-06-04 22:46:47+00:00,Crash Urgent,30.37643,-97.674538,800-849 E Braker Ln,ARCHIVED,22
3C4840CF1E3A9541B48135F0467D4846DF6E2781_1717541443,2024-06-04 22:50:43+00:00,Crash Urgent,30.278305,-97.730585,1600-1814 N Ih 35 Svrd Sb,ARCHIVED,22
906063F00D2555893E5C32E9249AE185AE689A7B_1717541837,2024-06-04 22:57:17+00:00,Crash Urgent,30.248413,-97.769947,S Lamar Blvd / W Oltorf St,ARCHIVED,22
99E8211A93F176BB670C12FB301CEBB68B0F01FA_1717543248,2024-06-04 23:20:48+00:00,COLLISN/ LVNG SCN,30.143702,-97.675181,7818 S Fm 973 Rd,ARCHIVED,23
6DBB169C06C09B479392E3A636171E8714B46023_1717543354,2024-06-04 23:22:34+00:00,TRFC HAZD/ DEBRIS,30.461992,-97.84469,2900-blk Cashell Wood Dr,ARCHIVED,23
DDAE89712E32F705260CB8BA6A159F8EC1D2A86A_1717543432,2024-06-04 23:23:52+00:00,TRFC HAZD/ DEBRIS,30.440477,-97.69461,3001-3311 W Wells Branch Pkwy,ARCHIVED,23
AC1AB23D6288711BE64A25BF13432BAF1E60B2BD_1717543440,2024-06-04 23:24:00+00:00,Crash Service,30.180613,-97.64661,S Fm 973 Rd / Pearce Ln,ARCHIVED,23
E6477EA575D0D5B1239E1E482793FB1BBF19CC19_1717543527,2024-06-04 23:25:27+00:00,COLLISION,30.159879,-97.694238,6901 S Us 183 Hwy,ARCHIVED,23
B5507C7CA8CFA4C51B7C97843E5E4525ED1AD06D_1717543559,2024-06-04 23:25:59+00:00,Traffic Hazard,30.358502,-97.68827,0 N Ih 35 Sb At E Rundberg Trn,ARCHIVED,23
042338D46C2028808F298DEC735DC7ADF0C162F6_1717543569,2024-06-04 23:26:09+00:00,Traffic Hazard,30.362954,-97.795502,6200-6506 FM 2222 RD,ARCHIVED,23
6FD599B68B363C01A1296645DA4305D3313EBB3F_1717543647,2024-06-04 23:27:27+00:00,Traffic Hazard,30.477564,-97.760826,14027-14225 N Sh 45 W Eb,ARCHIVED,23
67DE6A669490F0E6BF9D405BA4C66A2CD17CC2FF_1717543952,2024-06-04 23:32:32+00:00,Traffic Hazard,30.25745,-97.737698,N Ih 35 Svrd Sb / River St,ARCHIVED,23
8CE2F7CDC27D512A28746DB1E8895650F9355602_1717544031,2024-06-04 23:33:51+00:00,Crash Urgent,30.189123,-97.76791,BLUFF SPRINGS RD / E WILLIAM CANNON DR,ARCHIVED,23
731505E34829883E122EED58FCA8260CAF53AB98_1717544584,2024-06-04 23:43:04+00:00,TRFC HAZD/ DEBRIS,30.233516,-97.815111,4800-4964 W Us 290 Hwy Wb,ARCHIVED,23
C6944467DA0C65A08C39BB5A0314CC143936EAA3_1717544613,2024-06-04 23:43:33+00:00,Traffic Hazard,30.440362,-97.778083,12126 Hunters Chase Dr,ARCHIVED,23
8CB4EC6F85EDB9D735A0B4F9D9CBC2884DE0F50D_1717545422,2024-06-04 23:57:02+00:00,COLLISION,30.352115,-97.647173,10460-10464 Sprinkle Rd,ARCHIVED,23
8C12D571138FCE48A15AB55D1234F359312EA78F_1717545435,2024-06-04 23:57:15+00:00,Crash Service,30.18925,-97.767872,1700-blk E William Cannon Dr,ARCHIVED,23
539E322A4F4CC65780CE1E183AD98299538EC22C_1717545442,2024-06-04 23:57:22+00:00,COLLISION,30.25816,-97.611088,4713 N Fm 973 Rd,ARCHIVED,23
E90E88C880E48E96024E634381BA1AD4888E72E0_1717545484,2024-06-04 23:58:04+00:00,Crash Urgent,30.217984,-97.691772,7200-7645 E Ben White Blvd Eb,ARCHIVED,23
4E999D40954C92BF50A6B99FA69B04A76E9F55C3_1717545553,2024-06-04 23:59:13+00:00,COLLISION WITH INJURY,30.443986,-97.663991,1503 Barbergale St,ARCHIVED,23
B3AD32A369754EE7ACF23C5370CCF5B401604A78_1717545714,2024-06-05 00:01:54+00:00,Crash Urgent,30.242837,-97.752197,2111 S Congress Ave,ARCHIVED,0
64C84E952453CD25D3097C7CFB8BA8178A0D109F_1717545724,2024-06-05 00:02:04+00:00,Crash Urgent,30.252164,-97.748707,S Congress Ave / Academy Dr,ARCHIVED,0
29EA1EE6C8971D4AE9C0516A4CD4D561801E0861_1717546624,2024-06-05 00:17:04+00:00,COLLISION,30.145384,-97.673333,S Fm 973 Rd / Fm 812 Rd,ARCHIVED,0
85749E85B601375FBD6D6CFAF6694E582E08D0E6_1717546676,2024-06-05 00:17:56+00:00,Crash Urgent,30.356986,-97.732798,2545 W Anderson Ln,ARCHIVED,0
EE3EF93429ABA64BD0E6F7A0AF8299E6416CEEA4_1717546806,2024-06-05 00:20:06+00:00,Crash Urgent,30.363725,-97.715763,1626 Ohlen Rd,ARCHIVED,0
2D97D80F5AF467CAF6A638D16C539634E7B1B7A1_1717547152,2024-06-05 00:25:52+00:00,Crash Urgent,30.308831,-97.756332,1942 W 35TH ST,ARCHIVED,0
0CCC9BC1BB63CCC1F2123272DEF4A1963C2B60E5_1717547564,2024-06-05 00:32:44+00:00,Crash Service,30.336092,-97.700476,7513 N Ih 35 Svrd Nb,ARCHIVED,0
2B80090196FBBD61985EA7F2FC5C2F6AA4E1F134_1717548143,2024-06-05 00:42:23+00:00,Traffic Hazard,30.434449,-97.69518,2900 Century Park Blvd,ARCHIVED,0
C84AE5A29628044CBA70BED7589819F26AB3054B_1717548441,2024-06-05 00:47:21+00:00,COLLISION WITH INJURY,30.3371,-97.55537,E Brenham St / S San Marcos St,ARCHIVED,0
D1979B936C2CD632C16030D3129A53A175EBA857_1717548450,2024-06-05 00:47:30+00:00,COLLISION,30.335844,-97.552019,16700-16725 Blake Manor Rd,ARCHIVED,0
CCCFD063B99F899232D571D89D3F832308C0D0BC_1717548479,2024-06-05 00:47:59+00:00,Crash Urgent,30.231751,-97.717622,4548-4822 E Riverside Dr,ARCHIVED,0
13FEA2C0BAFEBF99CA1AF9FE5E0A15297040CDCE_1717548666,2024-06-05 00:51:06+00:00,TRFC HAZD/ DEBRIS,30.257233,-97.612085,10508-11515 Fm 969 Rd,ARCHIVED,0
1A5270E66ED4CA6B0227A4EBF6A959157221262B_1717549938,2024-06-05 01:12:18+00:00,Traffic Hazard,30.267169,-97.743353,100-122 W 5th St,ARCHIVED,1
84EAA7689F5C9BFACC13087E690A44360D129C74_1717549943,2024-06-05 01:12:23+00:00,LOOSE LIVESTOCK,30.030523,-97.674465,Fm 1854 / Camino Real,ARCHIVED,1
E5CB99E93E3A3839E702691C45D6CC28FFCABF9E_1717550012,2024-06-05 01:13:32+00:00,Crash Service,30.208379,-97.781911,5600 S 1st St,ARCHIVED,1
76ABF9772D9EDFE74F787CD517B07B884C98EA8F_1717550171,2024-06-05 01:16:11+00:00,COLLISION,30.180613,-97.64661,S Fm 973 Rd / Pearce Ln,ARCHIVED,1
B54681F4B90AF40D60F07266F34978535F8CA8C2_1717550545,2024-06-05 01:22:25+00:00,Crash Urgent,30.384802,-97.649195,12201 DESSAU RD,ARCHIVED,1
59BDEA78838432A6CD99117A73AFADD77C66410F_1717551200,2024-06-05 01:33:20+00:00,COLLISION,30.164132,-97.692798,S US 183 HWY NB / FM 812 RD,ARCHIVED,1
9D3E25533E3322D6248F322CC879F8307421807F_1717553262,2024-06-05 02:07:42+00:00,Traffic Hazard,30.26017,-97.73341,1105 E Cesar Chavez St,ARCHIVED,2
A7E22A900323A761815E81B9B310BA8652841557_1717553972,2024-06-05 02:19:32+00:00,Traffic Hazard,30.344305,-97.672944,FERGUSON LN / LEISURE DR,ARCHIVED,2
258635DEFA94EC462FBE0C1AF91C7B59BEF1D1E4_1717554257,2024-06-05 02:24:17+00:00,TRFC HAZD/ DEBRIS,30.316322,-97.872637,9302-9517 Fm 2244 Rd,ARCHIVED,2
896C6BF7832944DF18C8D5DB55B839DE023073C5_1717554318,2024-06-05 02:25:18+00:00,Traffic Hazard,30.330234,-97.626938,9523-9593 E Us 290 Hwy Svrd Eb,ARCHIVED,2
9492DFA1E0A89D7E4FAB574112C048FAF6EF87B3_1717554515,2024-06-05 02:28:35+00:00,Crash Urgent,30.42422,-97.671196,W Howard Ln / N Ih 35 Svrd Nb,ARCHIVED,2
B43F3811EC0A7D607F7E654EC866167ACB42336B_1717554960,2024-06-05 02:36:00+00:00,Traffic Hazard,30.473023,-97.780606,Broadmeade Ave / N Fm 620 Rd Nb,ARCHIVED,2
3E536CDE7E36C3398F011315FC5D7D2BEF1A5A56_1717555030,2024-06-05 02:37:10+00:00,TRFC HAZD/ DEBRIS,30.187936,-97.594751,4642-4712 E Sh 71 Eb,ARCHIVED,2
64738E27DC960EBDC22143DD8EA4B16B74029C8A_1717555857,2024-06-05 02:50:57+00:00,Crash Urgent,30.400185,-97.74247,Seton Center Pkwy / W Braker Ln,ARCHIVED,2
BA2E8AA59E4161EE5807078F7226C405FDE751A6_1717556347,2024-06-05 02:59:07+00:00,Traffic Hazard,30.392384,-97.725536,Burnet Rd / W Braker Ln,ARCHIVED,2
1784F0E37C1FDD6200C1E8B28E8CAAE5402E74E0_1717557751,2024-06-05 03:22:31+00:00,Crash Urgent,30.363067,-97.697058,W Rundberg Ln / N Lamar Blvd,ARCHIVED,3
E4FB11694CD7BAB54173D1D9664EB70B6B6B8A14_1717562131,2024-06-05 04:35:31+00:00,Crash Service,30.214006,-97.672586,Freight Ln / Rental Car Ln,ARCHIVED,4
2664C206999E7419517EE39E177797576A52201B_1717562306,2024-06-05 04:38:26+00:00,Crash Service,30.405292,-97.743453,11113 Research Blvd Svrd Nb,ARCHIVED,4
408B04556E4F7BC96957053A04E25A32AEFD920E_1717563230,2024-06-05 04:53:50+00:00,COLLISION,30.152833,-97.76908,1601 E Slaughter Ln,ARCHIVED,4
5CAA47A3E35D5C847E2666A8F9C82C5287640E40_1717563903,2024-06-05 05:05:03+00:00,TRFC HAZD/ DEBRIS,30.351225,-97.593764,12000 N SH 130 SVRD SB,ARCHIVED,5
CB4BB84BBAD29F5A7755D542536D13C1A790E027_1717565093,2024-06-05 05:24:53+00:00,COLLISION,30.187683,-97.627132,0 S SH 130 NB TO E SH 71 RAMP,ARCHIVED,5
D17A331E1AD64E5DEFABEEE67B238D519180AAD7_1717567254,2024-06-05 06:00:54+00:00,Crash Service,30.1939,-97.744733,E Stassney Ln / S Pleasant Valley Rd,ARCHIVED,6
0647B28D06F8F486868466588E51798ADF4ED586_1717569517,2024-06-05 06:38:37+00:00,LOOSE LIVESTOCK,30.085113,-97.738951,9000-9241 S SH 45 E EB,ARCHIVED,6
E618015D38390E684004B2436C007ED369F39629_1717569650,2024-06-05 06:40:50+00:00,COLLISION,30.136941,-97.569898,8202-8212 WOLF LN,ARCHIVED,6
4D37D1E69194BA0504A4AFEDF2DB73267B6584D4_1717570469,2024-06-05 06:54:29+00:00,TRFC HAZD/ DEBRIS,30.297435,-97.819343,1245 YAUPON VALLEY RD,ARCHIVED,6
000B6E11CC7D4C971FBF68F3F1E28EDC93443FF3_1717573766,2024-06-05 07:49:26+00:00,Crash Urgent,30.389011,-97.734339,10010 N Mopac Expy Nb,ARCHIVED,7
F3F5884A4F3C2A3F811042341B7F250A2863C640_1717578621,2024-06-05 09:10:21+00:00,COLLISN/ LVNG SCN,30.498201,-97.583725,1410-1513 MUIRFIELD BEND DR,ARCHIVED,9
B02B25076199964BB7439541DFD797C0397ED4C0_1717583254,2024-06-05 10:27:34+00:00,Traffic Hazard,30.229089,-97.87802,Breezy Pass / Convict Hill Rd,ARCHIVED,10
22A433EB787A83F729240700DCFA9FA021D96AB4_1717583340,2024-06-05 10:29:00+00:00,Traffic Hazard,30.368653,-97.614523,Cameron Rd / E Parmer Ln,ARCHIVED,10
97B0FD2F9B2C4E92174719458B283189C944E15B_1717584738,2024-06-05 10:52:18+00:00,Crash Urgent,30.204138,-97.641666,3131 E Sh 71 Wb,ARCHIVED,10
28658E19C983F1DBD02CD4E94FC3EBE9BBB4F46B_1717586195,2024-06-05 11:16:35+00:00,COLLISION,30.387735,-97.893961,4500-blk N FM 620 RD,ARCHIVED,11
817965431C04A46F3AF2F982CEFF704A9CD0890B_1717586212,2024-06-05 11:16:52+00:00,COLLISION,30.373375,-97.530641,14540-14603 N FM 973 RD,ARCHIVED,11
C61211674FD03175FEC87A9C01F39F72376CE104_1717589531,2024-06-05 12:12:11+00:00,Traffic Hazard,30.345682,-97.799757,4700-blk N Capital Of Texas Hwy Sb,ARCHIVED,12
4AB46ED419587791DCEF1A1E2391AD6C371A26B9_1717589652,2024-06-05 12:14:12+00:00,Crash Service,30.266739,-97.783685,2502-2516 Bee Cave Rd,ARCHIVED,12
80D5B2A867B21E37CD472071370518DF40FA4F01_1717589756,2024-06-05 12:15:56+00:00,COLLISION,30.26674,-97.783773,2600-blk Bee Cave Rd,ARCHIVED,12
55625EDC17AEA241D22CFA9C01BD7CAB7F616707_1717590229,2024-06-05 12:23:49+00:00,Traffic Hazard,30.374323,-97.628877,Samsung Blvd / E Parmer Ln,ARCHIVED,12
2F1F38F5F45C0AFA1247C82CC3EC4FAEF40E7AB0_1717590570,2024-06-05 12:29:30+00:00,Traffic Hazard,30.408998,-97.714233,12006-12168 N Mopac Expy Sb,ARCHIVED,12
3618330405CD5B4442F29655D0FD0538A8AEBF83_1717591412,2024-06-05 12:43:32+00:00,Crash Service,30.1428,-97.793929,10917 S Ih 35 Svrd Nb,ARCHIVED,12
61BF9647580B2C32081F2464F4E89E4A5631E435_1717591489,2024-06-05 12:44:49+00:00,Crash Urgent,30.349133,-97.702297,Red Oak Cir / Georgian Dr,ARCHIVED,12
9B569564C9A9AC7BCC855C106EE9377ED1B5AD19_1717592620,2024-06-05 13:03:40+00:00,TRFC HAZD/ DEBRIS,30.298753,-97.793356,Westlake Dr / Hull Cir,ARCHIVED,13
9AF463166FE8B26437541D9629EB84E60089A395_1717593452,2024-06-05 13:17:32+00:00,TRFC HAZD/ DEBRIS,30.351364,-97.65787,9800-blk Criswell Rd,ARCHIVED,13
53B43ADA41A9083EFA9B04AD10970C2B494633F1_1717593703,2024-06-05 13:21:43+00:00,Crash Urgent,30.371935,-97.71562,Northgate Blvd / W Rundberg Ln,ARCHIVED,13
FB3099D0EB4C3EDFA0DB61100342D1EBDFD8E479_1717594044,2024-06-05 13:27:24+00:00,Traffic Hazard,30.26341,-97.789801,1200-1242 S Mopac Expy Svrd Sb,ARCHIVED,13
72D8D416F5929DD4D00032B463BD1D2CB572AAA1_1717594925,2024-06-05 13:42:05+00:00,Crash Urgent,30.404077,-97.69867,12113 Metric Blvd,ARCHIVED,13
60C037CD2766209C22955EA85025834483170CC4_1717595286,2024-06-05 13:48:06+00:00,TRFC HAZD/ DEBRIS,30.141012,-97.846664,W FM 1626 RD / BRODIE LN,ARCHIVED,13
4DA81066745689FC22FB717C0C6A7EDD96ED0FFB_1717595546,2024-06-05 13:52:26+00:00,LOOSE LIVESTOCK,30.030523,-97.674465,Fm 1854 / Camino Real,ARCHIVED,13
7FD2528A7609AAECB6AF825AC275F98CFDFFF8AD_1717595739,2024-06-05 13:55:39+00:00,Crash Urgent,30.307492,-97.706469,E 51st St / Lancaster Ct,ARCHIVED,13
C03683BF915B1D9B9B2949494BFDA59AC1C5F7A2_1717595889,2024-06-05 13:58:09+00:00,Traffic Hazard,30.390192,-97.717082,2401-2511 W Braker Ln,ARCHIVED,13
D9D1492C96AD97F85C42C0A1B99E8CD57E8DCE2E_1717596714,2024-06-05 14:11:54+00:00,Crash Urgent,30.371909,-97.715635,9024-9299 Northgate Blvd,ARCHIVED,14
7EC095E7D78531BA4A92CC1F465804BBFB0472C8_1717596979,2024-06-05 14:16:19+00:00,Crash Urgent,30.273169,-97.801271,1018 WALSH TARLTON LN,ARCHIVED,14
6F39DCFF36D707F13761851DCAD9E76EC53A9318_1717597493,2024-06-05 14:24:53+00:00,Crash Urgent,30.277661,-97.769161,0 Cesar Chavez To Mopac Sb Ramp,ARCHIVED,14
6B50CE41B5C59434A9AC16FC818EA5507009C7E5_1717598427,2024-06-05 14:40:27+00:00,Crash Service,30.368792,-97.680962,N Ih 35 Svrd Nb / E Applegate Dr,ARCHIVED,14
AC4F9C4D3E9AD785B9A4CA215E2F6EE6567E51F7_1717598502,2024-06-05 14:41:42+00:00,Crash Service,30.210162,-97.660927,10100 Hotel Dr,ARCHIVED,14
077FD3E94775CA5EF2B2E0901CF968728EB1F9A0_1717598546,2024-06-05 14:42:26+00:00,COLLISION,30.081387,-97.722777,9600-10540 S Sh 45 E Wb,ARCHIVED,14
59DC237DF3D441B6D490394E32CD6A41B3358D2F_1717598590,2024-06-05 14:43:10+00:00,Crash Urgent,30.37092,-97.721247,8817-9009 Research Blvd Nb,ARCHIVED,14
F78E817B092418A38266ECD41F2E54516F47278E_1717598642,2024-06-05 14:44:02+00:00,Crash Service,30.201869,-97.660928,10320 Hotel Dr,ARCHIVED,14
65AEA98C57DCD2A1FFB0D35CA20603CAAF7D9F03_1717598642,2024-06-05 14:44:02+00:00,Crash Service,30.201869,-97.660928,10320 Hotel Dr,ARCHIVED,14
CBF66D9068A45E5BAB15D71763BE5BFF61B52C19_1717598757,2024-06-05 14:45:57+00:00,Crash Service,30.317417,-97.707847,5660 N Ih 35 Svrd Sb,ARCHIVED,14
5F5898E4726001663BA5A126B313B03B1AED3F07_1717599294,2024-06-05 14:54:54+00:00,Crash Service,30.283691,-97.752176,1901 N Lamar Blvd,ARCHIVED,14
71EA8C8066411034867A2D0BD2C4D1B56F45AF2B_1717599448,2024-06-05 14:57:28+00:00,Traffic Hazard,30.362731,-97.719535,1748 Ohlen Rd,ARCHIVED,14
5A475AA62E49E59017B1FF7A402B92A8DC8D4A41_1717599555,2024-06-05 14:59:15+00:00,Crash Urgent,30.316079,-97.707526,5600 N Ih 35 Nb,ARCHIVED,14
50D6C3C9E4B3DD713FB1ADF7871F510727A64004_1717599859,2024-06-05 15:04:19+00:00,Traffic Hazard,30.419449,-97.747117,11700 Research Blvd Sb,ARCHIVED,15
B639E0D08CC249154F07B0C9D59B8317187E1EA8_1717599991,2024-06-05 15:06:31+00:00,Traffic Hazard,30.250974,-97.746268,1211 Ravine Dr,ARCHIVED,15
9D7AEF07BC006AA9B97D1E2E2E6A332523715C7E_1717600105,2024-06-05 15:08:25+00:00,COLLISION,30.262235,-97.888871,4900-5327 Barton Creek Blvd,ARCHIVED,15
0EB7B29E307538E202BD733E1DF3A34884C5B5A8_1717600290,2024-06-05 15:11:30+00:00,Traffic Hazard,30.269925,-97.717677,2000-2005 Rosewood Ave,ARCHIVED,15
E371F482F5DDEBE058CCEC70432A6FEF7C6FC872_1717600876,2024-06-05 15:21:16+00:00,Crash Service,30.242172,-97.801055,3755 S Capital Of Texas Hwy Nb,ARCHIVED,15
A72C84FF134C9898E4E2CEAEF93DC24DA61D0E30_1717601331,2024-06-05 15:28:51+00:00,Traffic Hazard,30.229056,-97.801325,Western Trails Blvd / West Gate Blvd,ARCHIVED,15
FC5F865A45DF8F363A822FCDD80C502A08C6B808_1717601904,2024-06-05 15:38:24+00:00,COLLISION WITH INJURY,30.195305,-97.624407,3810-3844 S Sh 130 Svrd Sb,ARCHIVED,15
B78037BFC8CCA3DCD3667BBC6B92B23D431FC454_1717602452,2024-06-05 15:47:32+00:00,Crash Service,30.230783,-97.879293,Convict Hill Rd / W Us 290 Hwy,ARCHIVED,15
489DCA93167BD2001E600DF2F5B762E4622CECC9_1717602865,2024-06-05 15:54:25+00:00,TRFC HAZD/ DEBRIS,30.366727,-97.566767,13300-13921 FUCHS GROVE RD,ARCHIVED,15
E4BD9B6C49214CA8D8AD295FB4B1E7E79022DF16_1717603181,2024-06-05 15:59:41+00:00,Crash Urgent,30.232308,-97.720403,Wickersham Ln / E Riverside Dr,ARCHIVED,15
2000C40CC9780D5DE5C32E69EF06059C1DB52791_1717603625,2024-06-05 16:07:05+00:00,Crash Service,30.344883,-97.677711,8807 Cameron Rd,ARCHIVED,16
A5909010064EF753C5F090A07CFCDDFBF25E38F3_1717603862,2024-06-05 16:11:02+00:00,TRFC HAZD/ DEBRIS,30.332545,-97.653282,Springdale Rd / Vara Dr,ARCHIVED,16
26E3DE7668EB5A544AC71628C27A124C14C01688_1717604804,2024-06-05 16:26:44+00:00,Traffic Hazard,30.217861,-97.667997,2000-2230 E Sh 71 Eb,ARCHIVED,16
77F30DE29B37C940918F2ABDD2D48CFFF2F092F0_1717605442,2024-06-05 16:37:22+00:00,Traffic Hazard,30.372014,-97.715582,1900 W Rundberg Ln,ARCHIVED,16
302DEBB6C519F451B6A857DD329981BCAFF772DD_1717606884,2024-06-05 17:01:24+00:00,Crash Urgent,30.26407,-97.746944,301 W Cesar Chavez St,ARCHIVED,17
C0AED871BAB88520B7E8F8761F7A4AFB605D5410_1717606943,2024-06-05 17:02:23+00:00,Traffic Hazard,30.274125,-97.731982,E 15th To Ih 35 Sb Ramp / N Ih 35 Svrd Sb,ARCHIVED,17
DEFD225ED09903FC734751D6F9E1C07BE9D86A83_1717607025,2024-06-05 17:03:45+00:00,Crash Urgent,30.350655,-97.687902,8909 NORTH PLZ,ARCHIVED,17
7C83F057E0C3BCAC5D8322031E3E959FD0E96716_1717607304,2024-06-05 17:08:24+00:00,Traffic Hazard,30.388256,-97.620319,E Howard Ln / Cantarra Dr,ARCHIVED,17
B8498461241FA56517A1D18BF8BC626C97D3EA17_1717608166,2024-06-05 17:22:46+00:00,COLLISION,30.423762,-97.651361,John Henry Faulk Dr / Honey Gem Dr,ARCHIVED,17
D38D6B33E339A65214B43F52FC74BF2319B39101_1717608965,2024-06-05 17:36:05+00:00,Crash Urgent,30.261572,-97.718036,2142 E 7th St,ARCHIVED,17
A50274B028DF2DC7F5A78067724B2B8F7312F9B4_1717609424,2024-06-05 17:43:44+00:00,Crash Urgent,30.417859,-97.672282,700-1125 CENTER RIDGE DR,ARCHIVED,17
9669582CD862FB3798DCA33583826C0FB32BDCE4_1717609785,2024-06-05 17:49:45+00:00,Crash Urgent,30.343766,-97.6968,8129 N IH 35 SVRD NB,ARCHIVED,17
AD5EFBFC94BA12B4C7A5DD1040E58407E4D5D2E6_1717610248,2024-06-05 17:57:28+00:00,COLLISN/ LVNG SCN,30.421406,-97.633732,1520-blk TEA LEAF DR,ARCHIVED,17
FB3099D0EB4C3EDFA0DB61100342D1EBDFD8E479_1717611522,2024-06-05 18:18:42+00:00,COLLISN/ LVNG SCN,30.192664,-97.924989,11720 Fm 1826 Rd,ARCHIVED,18
259D7030971F60371D67B764FFEECCD0FD050080_1717611553,2024-06-05 18:19:13+00:00,Crash Urgent,30.22593,-97.769827,4009 S 1st St,ARCHIVED,18
BE2608CD9B0E64302FCB6170D889D6A11E1EBDD7_1717612634,2024-06-05 18:37:14+00:00,Traffic Hazard,30.272027,-97.691399,Sara Dr / Springdale Rd,ARCHIVED,18
13FEA2C0BAFEBF99CA1AF9FE5E0A15297040CDCE_1717612880,2024-06-05 18:41:20+00:00,Crash Urgent,30.247852,-97.772016,S Lamar Blvd / Oxford Ave,ARCHIVED,18
8F102B2BE79803391E93A93E7B21A98FEE3F781A_1717613470,2024-06-05 18:51:10+00:00,COLLISION/PRIVATE PROPERTY,30.293952,-97.945886,12524 MAIDENHAIR LN,ARCHIVED,18
178F71645D8D762522EDE90115F4F50F1E19D62B_1717613747,2024-06-05 18:55:47+00:00,Crash Urgent,30.267761,-97.733394,807-909 N Ih 35 Svrd Nb,ARCHIVED,18
8B62E9BF889637023EC40BDA71AD6F24EE443C1A_1717613935,2024-06-05 18:58:55+00:00,Crash Urgent,30.263863,-97.763271,1728 Barton Springs Rd,ARCHIVED,18
6639A80483FE6E8AB03511DDBCCCAAB4A18BAD32_1717614363,2024-06-05 19:06:03+00:00,Crash Urgent,30.218988,-97.837665,6700-6900 S Mopac Expy Sb,ARCHIVED,19
1373EA12BAAA638B59CA93994D65CC541259C1BB_1717614368,2024-06-05 19:06:08+00:00,COLLISION,30.443744,-97.742498,W Parmer Ln / Mc Neil Dr,ARCHIVED,19
45C800A971308142CF8A4D13C844F04A91099693_1717614445,2024-06-05 19:07:25+00:00,Traffic Hazard,30.256206,-97.736106,55 N Ih 35 Svrd Nb,ARCHIVED,19
BA0B087E84A54FD1CAD7C38A91695633A0C0A859_1717614733,2024-06-05 19:12:13+00:00,Crash Service,30.278035,-97.77351,400-411 Hearn St,ARCHIVED,19
43B907EBFC5245AC8A6610CCDD6FB5BBEF45CE8A_1717615681,2024-06-05 19:28:01+00:00,Crash Service,30.333463,-97.692055,7607 Blessing Ave,ARCHIVED,19
9CB40392AAFD5B7A843D961C3628711D85FF5953_1717616199,2024-06-05 19:36:39+00:00,Crash Urgent,30.193169,-97.738909,E Stassney Ln / Nuckols Crossing Rd,ARCHIVED,19
AC711C0E8B83BE520E19D176CE432689B1E309DA_1717616964,2024-06-05 19:49:24+00:00,Crash Urgent,30.282774,-97.757816,Enfield Rd / West Lynn St,ARCHIVED,19
A66AB96FFF76B3C3C2810151921B30CE73DF0D0D_1717617093,2024-06-05 19:51:33+00:00,LOOSE LIVESTOCK,30.240339,-97.579704,4404 BELFIELD LN,ARCHIVED,19
3154011F0FA752A480FC66220BF9C9BF1336A932_1717617433,2024-06-05 19:57:13+00:00,Crash Service,30.219755,-97.756551,3600-4015 Payload Pass,ARCHIVED,19
BFF3129BDD85B4A066A81E163E1A27E91CB9A77F_1717617576,2024-06-05 19:59:36+00:00,Crash Urgent,30.310338,-97.711402,0 E 51st Roundabout,ARCHIVED,19
B639E0D08CC249154F07B0C9D59B8317187E1EA8_1717619382,2024-06-05 20:29:42+00:00,COLLISION,30.056209,-97.689916,12500-12621 Laws Rd,ARCHIVED,20
7DC79C1E19D6699594E3E0AA4A1B431D3E088BE8_1717619678,2024-06-05 20:34:38+00:00,Crash Service,30.2114,-97.66755,2812-2930 Spirit Of Texas Dr,ARCHIVED,20
0BC39B9D01F6D3E81328CDA94EAEFE5005744CEC_1717619687,2024-06-05 20:34:47+00:00,TRFC HAZD/ DEBRIS,30.366727,-97.566767,Gregg Manor Rd / Fuchs Grove Rd,ARCHIVED,20
515A0309707C73B79EB01BAA31A500059F90A6B9_1717619862,2024-06-05 20:37:42+00:00,Traffic Hazard,30.269702,-97.749613,512 Rio Grande St,ARCHIVED,20
E371F482F5DDEBE058CCEC70432A6FEF7C6FC872_1717620361,2024-06-05 20:46:01+00:00,COLLISION,30.310353,-97.615592,8500-blk Decker Ln,ARCHIVED,20
5E777B99E8FD7269347B6E0FC10C15797B83CF22_1717620435,2024-06-05 20:47:15+00:00,Crash Service,30.251529,-97.714128,2712 Canterbury St,ARCHIVED,20
B33901810898401751A5BAFB281025DC4CEEB37B_1717620696,2024-06-05 20:51:36+00:00,Crash Urgent,30.215574,-97.734901,3500-3610 Burleson Rd,ARCHIVED,20
D7B61E11A946B8C39537D7457BCBB7B1493F13A7_1717620902,2024-06-05 20:55:02+00:00,Crash Service,30.247985,-97.735791,1113-1121 E Riverside Dr,ARCHIVED,20
F7CB489B88FEBCB7886035D43260E3689936C893_1717620947,2024-06-05 20:55:47+00:00,COLLISION,30.46991,-97.674863,16313-16629 Bratton Ln,ARCHIVED,20
EE8593B3AF2B2A4FB2CA630BCE6BE677E6585F5C_1717621418,2024-06-05 21:03:38+00:00,Traffic Hazard,30.244686,-97.730442,South Lakeshore Blvd / E Riverside Dr,ARCHIVED,21
BC95C414A842DF6B90AC3D79F1F74D551D165565_1717622105,2024-06-05 21:15:05+00:00,Crash Urgent,30.211909,-97.712534,3101-3217 Montopolis Dr,ARCHIVED,21
8B05AF0EF2EAC32530836BCEBD512F38E0BEAE64_1717622922,2024-06-05 21:28:42+00:00,Stalled Vehicle,30.193169,-97.738909,E Stassney Ln / Nuckols Crossing Rd,ARCHIVED,21
138825ED8F4199D67F9CA400B795B65FEC1158AC_1717623025,2024-06-05 21:30:25+00:00,Crash Urgent,30.279325,-97.820749,1243-1293 S CAPITAL OF TEXAS HWY NB,ARCHIVED,21
128351137A9C47206C4507DCF2E6FBEECA3A9079_1717623130,2024-06-05 21:32:10+00:00,Crash Urgent,30.284756,-97.762,1802-1804 Enfield Rd,ARCHIVED,21
30ADB4DE4D8E9ECDD52FAE4FCA6EB253E2AA53F1_1717624115,2024-06-05 21:48:35+00:00,LOOSE LIVESTOCK,30.30898,-97.516228,11000-11129 Parsons Rd,ARCHIVED,21
02F84308FAB673D8332E1AB780A8ADE20987E925_1717624911,2024-06-05 22:01:51+00:00,Crash Service,30.313077,-97.66501,6904-6912 Manor Rd,ARCHIVED,22
2CE518699373AE57C7868A65C4C16D869DE5E99B_1717625212,2024-06-05 22:06:52+00:00,Crash Urgent,30.283615,-97.752116,N Lamar Blvd / W Martin Luther King Jr Blvd,ARCHIVED,22
01B45189A34F284F41AB07AFBC3531D83C480D90_1717625311,2024-06-05 22:08:31+00:00,LOOSE LIVESTOCK,30.326812,-97.605201,10002-10033 Decker Ln,ARCHIVED,22
09203A0B810D0C054F3F15D6DB42AA850BEA9174_1717625447,2024-06-05 22:10:47+00:00,Traffic Hazard,30.253911,-97.712332,E 2nd St / N Pleasant Valley Rd,ARCHIVED,22
BE73E73B642ECB6C6EDB4A52875A8017F69DFE5E_1717625702,2024-06-05 22:15:02+00:00,COLLISION,30.149939,-97.648973,"30°08'59.78""n / 097°38'56.3""w",ARCHIVED,22
246D2E34BEDEDFE76E09931A89BF4631F3916827_1717625934,2024-06-05 22:18:54+00:00,TRFC HAZD/ DEBRIS,30.102795,-97.61178,Fm 812 Rd / Doyle Rd,ARCHIVED,22
9B42C60DFB2B5A8E1C588B0EC793752AA4F299F3_1717626159,2024-06-05 22:22:39+00:00,Traffic Hazard,30.249569,-97.80695,3202 S Mopac Expy Svrd Sb,ARCHIVED,22
533958A2148AA8A3466FA3A8340D51E28294F41D_1717626268,2024-06-05 22:24:28+00:00,Crash Urgent,30.272424,-97.691143,1071 SPRINGDALE RD,ARCHIVED,22
00FD4B4549A1094AAE926EF62E9DBD3CDCC2E456_1717626522,2024-06-05 22:28:42+00:00,Traffic Hazard,30.26511,-97.747735,100-117 Guadalupe St,ARCHIVED,22
E83F7664870C1105727DD99353D0BFA01B2450B5_1717626610,2024-06-05 22:30:10+00:00,Traffic Hazard,30.455444,-97.825791,Anderson Mill Rd / N Fm 620 Rd,ARCHIVED,22
CA59BCD3DA4DAAC52F3FCFDC0AB963F65CF421BC_1717627656,2024-06-05 22:47:36+00:00,Stalled Vehicle,30.242111,-97.759622,S 1st St / W Oltorf St,ARCHIVED,22
566EE6D19FEF04459D959B08349D6C07B3A309A2_1717628511,2024-06-05 23:01:51+00:00,Traffic Hazard,30.381876,-97.686405,W Braker Ln / N Lamar Blvd,ARCHIVED,23
4F221EE9A76B15F3F2737E7344CA4453902FB586_1717628936,2024-06-05 23:08:56+00:00,Crash Service,30.188555,-97.772364,6602-6812 S Ih 35 Svrd Sb,ARCHIVED,23
88308D640F3031B16B0E9C4663716C0CB7169E50_1717629398,2024-06-05 23:16:38+00:00,Traffic Hazard,30.303616,-97.716038,E 45th St / Airport Blvd,ARCHIVED,23
B17F4787F2799F2665E5F119FC2F47D569212C4C_1717629398,2024-06-05 23:16:38+00:00,Crash Urgent,30.242633,-97.728785,1818-1930 E Riverside Dr,ARCHIVED,23
08E13D6D910F8F4B334B0C59104105E88B52CDB5_1717629485,2024-06-05 23:18:05+00:00,COLLISION,30.229826,-97.893621,8024-8143 W Us 290 Hwy,ARCHIVED,23
16E17C45C724580956A7BC61318DF498668D2508_1717629741,2024-06-05 23:22:21+00:00,COLLISION WITH INJURY,30.316329,-97.872442,Fm 2244 Rd / S Cuernavaca Dr,ARCHIVED,23
17E89C359872F5659B5D7892BA8E52821C93EEF3_1717629807,2024-06-05 23:23:27+00:00,Traffic Hazard,30.174004,-97.816976,1400-1420 Sugarberry Ln,ARCHIVED,23
302DEBB6C519F451B6A857DD329981BCAFF772DD_1717629972,2024-06-05 23:26:12+00:00,COLLISN/ LVNG SCN,30.373499,-97.52276,14816 Bajada Rd,ARCHIVED,23
7F1426A678C0021BBBF19EB1D7D6353054809224_1717630150,2024-06-05 23:29:10+00:00,Crash Service,30.279185,-97.743734,San Antonio St / W 16th St,ARCHIVED,23
7173E41E4DE7A780906FADA68A682817C8803ED2_1717630334,2024-06-05 23:32:14+00:00,Traffic Hazard,30.390099,-97.73503,10000-10100 N Capital Of Texas Hwy Sb,ARCHIVED,23
4FD505F8AEED956F068C4CE57BFC30A6131B7C79_1717630643,2024-06-05 23:37:23+00:00,Traffic Hazard,30.475951,-97.764729,W PARMER LN / N FM 620 RD NB,ARCHIVED,23
29F4D7BD70C46FD3B021272CB02151499CC6FDA1_1717630876,2024-06-05 23:41:16+00:00,Crash Service,30.331027,-97.745477,5506 New Haven Ct,ARCHIVED,23
757578FBF23FFA4D748E0800DD7C424A46FEB0CC_1717631193,2024-06-05 23:46:33+00:00,Traffic Hazard,30.234053,-97.867638,6700 W Us 290 Hwy,ARCHIVED,23
E6602176F26DD0C5FB721FDED265EC8570F686E7_1717631860,2024-06-05 23:57:40+00:00,Stalled Vehicle,30.39376,-97.733063,10500 N Mopac Expy Nb,ARCHIVED,23
74B10C057DED94DC2C9821F38A1096FBC9B3C2F9_1717632173,2024-06-06 00:02:53+00:00,Crash Urgent,30.273666,-97.743362,1100-1117 Lavaca St,ARCHIVED,0
92351C1043DD9CA754A18B952870682056B0C783_1717634662,2024-06-06 00:44:22+00:00,TRFC HAZD/ DEBRIS,30.275314,-97.914136,W Sh 71 / Southwest Pkwy,ARCHIVED,0
7F8EE84F4CF599BE71DC87A7EECACF740C7F12B7_1717635487,2024-06-06 00:58:07+00:00,Traffic Hazard,30.332376,-97.704406,0 N IH 35 NB AT E ST JOHNS TRN,ARCHIVED,0
D7C9518A46A3CADCE5D9DDD36D2A64EF6C30A0B8_1717636805,2024-06-06 01:20:05+00:00,Crash Urgent,30.45321,-97.776559,8924-9006 Anderson Mill Rd,ARCHIVED,1
AC543C4E83644351C47B9DF55E29745BBD90A7BA_1717637202,2024-06-06 01:26:42+00:00,TRFC HAZD/ DEBRIS,30.404612,-97.583952,15200-blk CAMERON RD,ARCHIVED,1
76D94C3AC67CCA0AEA71D329B1C54F30DA7626B9_1717639256,2024-06-06 02:00:56+00:00,COLLISION,30.362798,-97.518031,SAMUEL WELCH WAY / TOWER RD,ARCHIVED,2
4A7C9F93E2417187F814079E6C47A3271AAA7B93_1717639268,2024-06-06 02:01:08+00:00,Crash Urgent,30.227318,-97.773388,901 W Ben White Blvd Svrd Eb,ARCHIVED,2
748E3CF5795E1703267FD891905C54B15D2D2547_1717639923,2024-06-06 02:12:03+00:00,TRFC HAZD/ DEBRIS,30.440521,-97.69451,3001-3311 W Wells Branch Pkwy,ARCHIVED,2
B404807C7276E18C673081F5CD5F999DEB2C22D1_1717640232,2024-06-06 02:17:12+00:00,COLLISN/ LVNG SCN,30.421516,-97.932738,16419 ROCKY RIDGE RD,ARCHIVED,2
59C1C577A1380A9058D9CF86DB4E0AEA6A314988_1717644155,2024-06-06 03:22:35+00:00,Traffic Hazard,30.198718,-97.834538,3313 Oak Aly,ARCHIVED,3
41E842E76E8EA73F910AAC95EA1AC9F0707643B2_1717645179,2024-06-06 03:39:39+00:00,Traffic Hazard,30.223409,-97.763598,W Ben White Blvd Svrd Wb / S Congress Ave,ARCHIVED,3
54FCE74DDD33DC3F1AC11D17CD8076A90BAF1F5E_1717645647,2024-06-06 03:47:27+00:00,TRFC HAZD/ DEBRIS,30.153043,-97.670059,7320-7338 S FM 973 RD,ARCHIVED,3
F19483C6A9FBACFEBFF05EB372439D8C0403745F_1717645715,2024-06-06 03:48:35+00:00,Traffic Hazard,30.183297,-97.849913,10001-10009 Brodie Ln,ARCHIVED,3
BA0B087E84A54FD1CAD7C38A91695633A0C0A859_1717648264,2024-06-06 04:31:04+00:00,COLLISION,30.232168,-97.803114,4600 S LAMAR BLVD SB,ARCHIVED,4
DECCC3D8F76C21F127E400870F9E1ED609090401_1717648405,2024-06-06 04:33:25+00:00,Crash Urgent,30.37119,-97.709459,Rutland Dr / Mountain Quail Rd,ARCHIVED,4
948B13C7BA369F02FC29D936C124689877023958_1717648599,2024-06-06 04:36:39+00:00,Stalled Vehicle,30.177097,-97.779965,8000 S Ih 35 Svrd Sb,ARCHIVED,4
218CEC711F1757FE04A78ACFC8CCE94630BAA52E_1717649054,2024-06-06 04:44:14+00:00,COLLISION,30.16378,-97.611261,13400-13934 Pearce Ln,ARCHIVED,4
904896FD72A1B5E6D2387652DCC631C9670A8102_1717649420,2024-06-06 04:50:20+00:00,TRFC HAZD/ DEBRIS,30.111834,-97.624912,14906-15109 Fm 812 Rd,ARCHIVED,4
00E291CBC8578FFC4E7C365F0FF2594435A8981D_1717653431,2024-06-06 05:57:11+00:00,COLLISION,30.449773,-97.658168,W Pecan St / Three Points Rd,ARCHIVED,5
1BDE811D408379BAD763800579CF2E7DD4D0131E_1717656383,2024-06-06 06:46:23+00:00,Crash Service,30.214665,-97.733583,Burleson Rd / E Ben White Blvd Svrd Eb,ARCHIVED,6
A347E89F9481B2C0628E0435C2860C2E7EB85C03_1717658167,2024-06-06 07:16:07+00:00,Traffic Hazard,30.303487,-97.662356,LOYOLA LN / CORINNA RD,ARCHIVED,7
3429E6FF2453B636C76961E066DA7C3CFA5BB260_1717658578,2024-06-06 07:22:58+00:00,TRFC HAZD/ DEBRIS,30.396682,-97.922232,3900-4130 N FM 620 RD,ARCHIVED,7
50796C51AC2A96A54D8F1B0E65EA7D2B2D8346F5_1717659335,2024-06-06 07:35:35+00:00,Stalled Vehicle,30.255343,-97.683936,6200-blk Bolm Rd,ARCHIVED,7
F3F5884A4F3C2A3F811042341B7F250A2863C640_1717663981,2024-06-06 08:53:01+00:00,COLLISN/ LVNG SCN,30.259676,-97.587807,13113 Brahmin Dr,ARCHIVED,8
1FDC44F369950B3467C435044A9B89B77D39B7B7_1717669303,2024-06-06 10:21:43+00:00,COLLISION,30.256997,-97.611818,FM 969 RD / N FM 973 RD,ARCHIVED,10
611425A9F0DDA81385E5B04298E7DFD179400131_1717669888,2024-06-06 10:31:28+00:00,Traffic Hazard,30.338629,-97.755172,5762 N Mopac Expy Svrd Sb,ARCHIVED,10
3CAA7BA27FC68ED4F63C5458FDAA1B48038FE216_1717674313,2024-06-06 11:45:13+00:00,Crash Urgent,30.389953,-97.827526,8822-9815 Fm 2222 Rd,ARCHIVED,11
647E959A40EE60F43EE78C3ABBF01102E4600651_1717675859,2024-06-06 12:10:59+00:00,Crash Service,30.462247,-97.815749,12233 N FM 620 RD,ARCHIVED,12
D1D904BDB4FAEC931ACB49890B51B0657C0BB751_1717676797,2024-06-06 12:26:37+00:00,Traffic Hazard,30.193521,-97.828532,Cameron Loop / Gettysburg Dr,ARCHIVED,12
A5909010064EF753C5F090A07CFCDDFBF25E38F3_1717676967,2024-06-06 12:29:27+00:00,Traffic Hazard,30.216316,-97.751513,1400-1511 E Ben White Blvd Eb,ARCHIVED,12
98A0AE781A4FC04FC2F55A87178C8BD2CCAEA8A7_1717677042,2024-06-06 12:30:42+00:00,Crash Urgent,30.42422,-97.671196,W Howard Ln / N Ih 35 Svrd Nb,ARCHIVED,12
99615B42BAC42A45678BD812782B17BE64C4C6A5_1717677310,2024-06-06 12:35:10+00:00,Traffic Hazard,30.190163,-97.770159,1601-1615 E William Cannon Dr,ARCHIVED,12
9276E73EF371CBEBBAD44D0C167BACE9E6CCEBEE_1717677376,2024-06-06 12:36:16+00:00,LOOSE LIVESTOCK,30.182605,-97.541264,4700-6825 WOLF LN,ARCHIVED,12
C84C7C86AC0619B3CD69A0F9D185EB5D6030D751_1717677416,2024-06-06 12:36:56+00:00,Crash Service,30.382429,-97.721027,2404 Rutland Dr,ARCHIVED,12
83DF4360232F4B1CC609EDB0620E15005085786D_1717677798,2024-06-06 12:43:18+00:00,COLLISION,30.349772,-97.523562,12900-blk E Us 290 Hwy Wb,ARCHIVED,12
CB337DEA7B4AE1A51F41A8388CBCD9457618799D_1717678156,2024-06-06 12:49:16+00:00,COLLISION WITH INJURY,30.145446,-97.83306,11940 MANCHACA RD,ARCHIVED,12
F818D3A787EF337609399B092B4C3E0E4BF7D9E6_1717678269,2024-06-06 12:51:09+00:00,Crash Urgent,30.149836,-97.833179,Frate Barker Rd / Menchaca Rd,ARCHIVED,12
EC28361885EDEB63E1EFF30695CE51F8FD212465_1717678321,2024-06-06 12:52:01+00:00,COLLISION,30.15202,-97.765377,1900-blk E SLAUGHTER LN,ARCHIVED,12
2F1F38F5F45C0AFA1247C82CC3EC4FAEF40E7AB0_1717678924,2024-06-06 13:02:04+00:00,Crash Urgent,30.148932,-97.792996,10500 S Ih 35 Sb,ARCHIVED,13
0A24D3CB30F8C1B8F9ED74664BEAFD46ECCD055D_1717679215,2024-06-06 13:06:55+00:00,Traffic Hazard,30.22248,-97.764171,W Ben White Blvd Svrd Eb / S Congress Ave,ARCHIVED,13
39CACD2E0A5452368CB72F0A56F73C9D1F846043_1717679714,2024-06-06 13:15:14+00:00,Stalled Vehicle,30.264489,-97.671884,2800 183 Toll Nb,ARCHIVED,13
7D5067934C8A2B1555869FB30AAC52562CCD6BD1_1717679908,2024-06-06 13:18:28+00:00,TRFC HAZD/ DEBRIS,30.297057,-97.807585,903 OLD STONEHEDGE,ARCHIVED,13
773903B72B8835626035A23439016A04591DC73D_1717679991,2024-06-06 13:19:51+00:00,TRFC HAZD/ DEBRIS,30.349161,-97.538677,E US 290 HWY EB / N FM 973 RD,ARCHIVED,13
61BF9647580B2C32081F2464F4E89E4A5631E435_1717680039,2024-06-06 13:20:39+00:00,Crash Service,30.377285,-97.667726,11500 Walnut Ridge Dr,ARCHIVED,13
8CBC3E572CC892F03DC08C8EE359C71AAB846DB6_1717680889,2024-06-06 13:34:49+00:00,Traffic Hazard,30.260615,-97.711611,2701 E 7th St,ARCHIVED,13
D3DC438A7A4A5CFF506D76386B7ABCDEBAEDA4F3_1717680976,2024-06-06 13:36:16+00:00,Crash Urgent,30.376533,-97.739324,8800 N Mopac Expy Sb,ARCHIVED,13
36E7ECFE17F4820835ACFADF14E0A7689A9974B1_1717681229,2024-06-06 13:40:29+00:00,Traffic Hazard,30.260023,-97.720896,1900-2115 E 5th St,ARCHIVED,13
AD5EFBFC94BA12B4C7A5DD1040E58407E4D5D2E6_1717681460,2024-06-06 13:44:20+00:00,Crash Urgent,30.204138,-97.641666,3131 E Sh 71 Wb,ARCHIVED,13
E1687F7478020253F747B6F9BAF48D571471B18C_1717682447,2024-06-06 14:00:47+00:00,Traffic Hazard,30.19996,-97.633549,3327-3645 E Sh 71 Wb,ARCHIVED,14
05CB9B4D144059E5F5D6FE24870A4229C0537E41_1717682473,2024-06-06 14:01:13+00:00,COLLISION WITH INJURY,30.444434,-97.667798,15126-15148 N IH 35 SB,ARCHIVED,14
2679177AB72E21C72B67D96BEC06F5F0E2E70CD9_1717682703,2024-06-06 14:05:03+00:00,Crash Service,30.205451,-97.644056,3000-3195 E Sh 71 Wb,ARCHIVED,14
026163C85E903E67F039F05E9A80218311817CF1_1717682815,2024-06-06 14:06:55+00:00,Traffic Hazard,30.369497,-97.801991,Fm 2222 Rd / Jester Blvd,ARCHIVED,14
D8F3CCD7B68FAD2CABB3DAD4B26EC24583BDDF8F_1717683719,2024-06-06 14:21:59+00:00,Crash Service,30.288162,-97.747832,2400 San Gabriel St,ARCHIVED,14
C1D262A03495880AB003DDE6D06A10E9E84013F5_1717683967,2024-06-06 14:26:07+00:00,Traffic Hazard,30.448145,-97.792585,9700-10026 Anderson Mill Rd,ARCHIVED,14
1373EA12BAAA638B59CA93994D65CC541259C1BB_1717684122,2024-06-06 14:28:42+00:00,Crash Urgent,30.365117,-97.717901,8700 Research Blvd Nb,ARCHIVED,14
80CB5A19FE9C8F7B1DFB602B6CE549E3B82A3DBF_1717684124,2024-06-06 14:28:44+00:00,Crash Urgent,30.169713,-97.787498,8801 S Congress Ave,ARCHIVED,14
7EC095E7D78531BA4A92CC1F465804BBFB0472C8_1717684850,2024-06-06 14:40:50+00:00,Crash Urgent,30.399238,-97.673888,W YAGER LN / N IH 35 SVRD SB,ARCHIVED,14
0A362CA04E5D1A1A33B972938C55AC2595D989F9_1717685826,2024-06-06 14:57:06+00:00,Traffic Hazard,30.29678,-97.708259,Mueller Central Dr / Airport Blvd,ARCHIVED,14
188602E741C1AD458EB69E6AC2B6DED0F4486404_1717686447,2024-06-06 15:07:27+00:00,Traffic Hazard,30.261939,-97.673818,1900-2850 183 Toll Sb,ARCHIVED,15
1F1086DFBC090121A93929DF16653B5C0E5909D1_1717686625,2024-06-06 15:10:25+00:00,Crash Service,30.357568,-97.71656,8400 Research Blvd Svrd Sb,ARCHIVED,15
2ACFC192F7F74E84214FF5DDCBCE2BDAAA73C3A0_1717687065,2024-06-06 15:17:45+00:00,Crash Urgent,30.298096,-97.748427,W 29th St / N Lamar Blvd,ARCHIVED,15
0C625939CBE82C0DA99CB0B59ACE05648B97290D_1717687502,2024-06-06 15:25:02+00:00,COLLISN/ LVNG SCN,30.455267,-97.664885,15829 N Ih 35 Svrd Nb,ARCHIVED,15
F4647C599F9938F5990A0E45A9245A75C4C86950_1717687527,2024-06-06 15:25:27+00:00,Crash Service,30.276794,-97.637274,Decker Ln / Fm 969 Rd,ARCHIVED,15
910272EF0D3D2747FBCF8BBF223ACF5CB45A4B35_1717687858,2024-06-06 15:30:58+00:00,Crash Urgent,30.320669,-97.687664,6855 E Us 290 Hwy Svrd Eb,ARCHIVED,15
68A6DC12271696516D1CE337F31D6A0FFEFC0E9F_1717688399,2024-06-06 15:39:59+00:00,COLLISN/ LVNG SCN,30.445483,-97.832147,10616-10911 N FM 620 RD,ARCHIVED,15
9C3D9746E3DEF4E72391716B528F6F3F28368E16_1717688773,2024-06-06 15:46:13+00:00,Traffic Hazard,30.227997,-97.789564,4500-4518 Menchaca Rd,ARCHIVED,15
4A1432C03DFFE532268819E1F8AB3083818ACE50_1717689401,2024-06-06 15:56:41+00:00,TRFC HAZD/ DEBRIS,30.408395,-97.903938,4001-4099 LAKE TRAVIS CLINE,ARCHIVED,15
9C664803E199AD40E55A2C29815BFF7C5C01BE58_1717690235,2024-06-06 16:10:35+00:00,Traffic Hazard,30.383578,-97.673471,11700 N Ih 35 Nb,ARCHIVED,16
98A0AE781A4FC04FC2F55A87178C8BD2CCAEA8A7_1717690308,2024-06-06 16:11:48+00:00,TRFC HAZD/ DEBRIS,30.232239,-97.901849,8328-8526 W US 290 HWY,ARCHIVED,16
E07ACF4315BE47D08D88A52B735AA29FF7236F9F_1717691301,2024-06-06 16:28:21+00:00,TRFC HAZD/ DEBRIS,30.410338,-97.940265,11074 LAKE TRAVIS CLINE,ARCHIVED,16
CB197B480A07A794B94CA9D50661DB1FAD2E3873_1717691439,2024-06-06 16:30:39+00:00,TRFC HAZD/ DEBRIS,30.390417,-97.909099,4322-4345 N FM 620 RD,ARCHIVED,16
A4888AB72FD5F8F8E994EB064DE208FF5A8AB1C1_1717691559,2024-06-06 16:32:39+00:00,Crash Urgent,30.434404,-97.769279,0 Mc Neil Dr,ARCHIVED,16
7B29CAD78DEA41563D78F9A1256DD06B251D809B_1717692187,2024-06-06 16:43:07+00:00,COLLISION,30.276952,-97.637495,8487 FM 969 RD,ARCHIVED,16
CE576F7843F6F93E3C1E80495E2038C8438E5E59_1717692494,2024-06-06 16:48:14+00:00,Traffic Hazard,30.260892,-97.758587,500 S Lamar Blvd,ARCHIVED,16
01E3A3BB9CD2511B27D53D2F775104E07AC4F107_1717693131,2024-06-06 16:58:51+00:00,Traffic Hazard,30.335303,-97.605476,9806-9880 E Us 290 Hwy Wb,ARCHIVED,16
91108D18FCC80F97E015B3E24F56361F312CFF22_1717693231,2024-06-06 17:00:31+00:00,Traffic Hazard,30.337662,-97.700569,0 N Ih 35 Nb To Anderson Wb Ramp,ARCHIVED,17
925A56FF63FA5B4BC5FCB03B000B740BA3D8015E_1717693353,2024-06-06 17:02:33+00:00,Crash Urgent,30.274661,-97.698437,1165 Airport Blvd,ARCHIVED,17
30ADB4DE4D8E9ECDD52FAE4FCA6EB253E2AA53F1_1717693961,2024-06-06 17:12:41+00:00,Crash Service,30.366141,-97.683429,10100-10114 Diamondback Trl,ARCHIVED,17
63B15C94F3EA3F01CFAF04A6732A0333968EAF29_1717694147,2024-06-06 17:15:47+00:00,Crash Service,30.298237,-97.662386,6000 Ed Bluestein Blvd Svrd Sb,ARCHIVED,17
41048BC3417903D2A6B8E3FE2F13D267E25AE256_1717694362,2024-06-06 17:19:22+00:00,Traffic Hazard,30.302144,-97.660682,6400-6401 183 Toll Nb,ARCHIVED,17
035D4223E2FE7A08D1E249A6A5090950D1FDC4E1_1717694492,2024-06-06 17:21:32+00:00,Crash Service,30.278282,-97.736347,1704 San Jacinto Blvd,ARCHIVED,17
270EBCCA3BA16D800F173FE553E41E1A282156AB_1717695052,2024-06-06 17:30:52+00:00,Traffic Hazard,30.20052,-97.878297,W Slaughter Ln / Escarpment Blvd,ARCHIVED,17
DE7086705D37E33FB281DE6BCCAC20E203C576BE_1717695460,2024-06-06 17:37:40+00:00,Traffic Hazard,30.389242,-97.745764,Research Blvd Svrd Sb / N Capital Of Texas Hwy,ARCHIVED,17
94B0B7EB4E3826979082AFFC082954D7A100C6E4_1717695699,2024-06-06 17:41:39+00:00,Crash Urgent,30.406197,-97.64223,E Howard Ln / Harrisglenn Dr,ARCHIVED,17
B6808C6A6514680B9D8425C63148958350B9EAF6_1717696107,2024-06-06 17:48:27+00:00,TRFC HAZD/ DEBRIS,30.188364,-97.713413,5200-blk Mc Kinney Falls Trn,ARCHIVED,17
2ACF710CD7116949468BE24A27696D4DF1852B17_1717696195,2024-06-06 17:49:55+00:00,Crash Urgent,30.270962,-97.752522,550 Bowie St,ARCHIVED,17
FB3099D0EB4C3EDFA0DB61100342D1EBDFD8E479_1717696574,2024-06-06 17:56:14+00:00,TRFC HAZD/ DEBRIS,30.144213,-97.700252,9000-9122 MC KENZIE RD,ARCHIVED,17
AB4B14521FFA251F4FFFDA0C8C6CED93433E7268_1717697585,2024-06-06 18:13:05+00:00,Crash Service,30.345817,-97.713335,7601-7809 N Lamar Blvd Svrd Nb,ARCHIVED,18
03ED9F0B39F703C2F75D9CE00A84FB210C6FA885_1717697840,2024-06-06 18:17:20+00:00,Crash Urgent,30.400632,-97.748917,W Braker Ln / Jollyville Rd,ARCHIVED,18
A7A134063601B2EC0851E7C2501B3F12D9EE2DE0_1717697842,2024-06-06 18:17:22+00:00,Traffic Hazard,30.333314,-97.70398,6900-7400 N Ih 35 Sb,ARCHIVED,18
BE80DC70441C58446A64B2F526F2770EE63F00C5_1717697877,2024-06-06 18:17:57+00:00,COLLISION,30.336123,-97.805551,3700-4000 N CAPITAL OF TEXAS HWY NB,ARCHIVED,18
BC50A6ED0F0272903A1AC5DC2349AA1E49DFB5FC_1717697936,2024-06-06 18:18:56+00:00,Crash Urgent,30.336123,-97.805551,3700-4000 N CAPITAL OF TEXAS HWY NB,ARCHIVED,18
99E8211A93F176BB670C12FB301CEBB68B0F01FA_1717699345,2024-06-06 18:42:25+00:00,Traffic Hazard,30.295064,-97.774865,3222 Cherry Ln,ARCHIVED,18
9A940E65552CCE8C972F60374791FC00AA478B2C_1717699909,2024-06-06 18:51:49+00:00,Crash Urgent,30.251714,-97.85878,Southwest Pkwy / Rialto Blvd,ARCHIVED,18
9669582CD862FB3798DCA33583826C0FB32BDCE4_1717700019,2024-06-06 18:53:39+00:00,Crash Urgent,30.45034,-97.785209,Pond Springs Rd / Anderson Mill Rd,ARCHIVED,18
17B990DA5A70AC723A5540ECFCB935530A5F7849_1717700630,2024-06-06 19:03:50+00:00,Stalled Vehicle,30.394668,-97.672033,12186 N Ih 35 Svrd Sb,ARCHIVED,19
5071465A43CAC422CBF59350A6D40CC0635E266C_1717700708,2024-06-06 19:05:08+00:00,Crash Urgent,30.41769,-97.699862,2311 W Parmer Ln,ARCHIVED,19
9304509649FAD1E302F612507DF3EE7CABF65B17_1717702083,2024-06-06 19:28:03+00:00,Crash Urgent,30.218189,-97.66861,1900-1924 E Sh 71 Eb,ARCHIVED,19
3316F65321E6E08D1490852D942C34F35E0BDB13_1717702520,2024-06-06 19:35:20+00:00,Crash Service,30.267119,-97.743171,E 5th St / Congress Ave,ARCHIVED,19
2CB5C7948AF5BE8AF307030523EEFD7CDB00E8CB_1717702651,2024-06-06 19:37:31+00:00,Traffic Hazard,30.250759,-97.700592,4600-5017 Red Bluff Rd,ARCHIVED,19
C11D13FD83B4BA20B841137B06C66D333550F2FC_1717703463,2024-06-06 19:51:03+00:00,Traffic Hazard,30.166863,-97.786552,0 Slaughter Ln Nb To Sb Trn,ARCHIVED,19
B58E4E3D5854B4F054FEE18B0F37F1040F62A135_1717703940,2024-06-06 19:59:00+00:00,COLLISION,30.271102,-97.793755,3001 Bee Cave Rd,ARCHIVED,19
CD53E2929FBF6B1F6F2069F6FFE5976FD5C31536_1717704840,2024-06-06 20:14:00+00:00,COLLISION,30.281906,-97.596084,6800-7815 N FM 973 RD,ARCHIVED,20
F5F021C67E90384CA25475CBB107B5EC7CFDB055_1717704845,2024-06-06 20:14:05+00:00,Stalled Vehicle,30.29353,-97.677803,5000 Springdale Rd,ARCHIVED,20
28D45187F026D4FCF15333C3928B58087FA27B5B_1717705396,2024-06-06 20:23:16+00:00,COLLISION WITH INJURY,30.452428,-97.666099,0 W Wells Branch To 35 Nb Ramp,ARCHIVED,20
9CB40392AAFD5B7A843D961C3628711D85FF5953_1717706080,2024-06-06 20:34:40+00:00,Stalled Vehicle,30.249991,-97.749513,1400 S Congress Ave,ARCHIVED,20
CE576F7843F6F93E3C1E80495E2038C8438E5E59_1717706119,2024-06-06 20:35:19+00:00,TRFC HAZD/ DEBRIS,30.223448,-97.953022,10700-10827 W US 290 HWY,ARCHIVED,20
FE9CFBA27320B7BF42256D26FF2979B002274288_1717706238,2024-06-06 20:37:18+00:00,TRFC HAZD/ DEBRIS,30.257985,-97.601927,5000-blk N SH 130 SB,ARCHIVED,20
1158E006B9E3C21DE43C05B80711D379AE3EE7E9_1717706999,2024-06-06 20:49:59+00:00,Crash Urgent,30.221518,-97.837642,4200-4232 W William Cannon Dr,ARCHIVED,20
8710BCA93219049B5D36136FD05D626A930BD773_1717707432,2024-06-06 20:57:12+00:00,Traffic Hazard,30.24744,-97.69096,2-626 183 Toll Sb,ARCHIVED,20
5BF575DEDE587691D854C1B985EFF29701C35FCA_1717707558,2024-06-06 20:59:18+00:00,Traffic Hazard,30.251789,-97.702931,4715 E Cesar Chavez St,ARCHIVED,20
3DF20AD9D649B34D5986F1AB1A82FA77830A3D14_1717709152,2024-06-06 21:25:52+00:00,Crash Service,30.29296,-97.631615,Loyola Ln / Wentworth Dr,ARCHIVED,21
7C79321AB1BC0DD447682AC5372A0D5BFA8F251F_1717709430,2024-06-06 21:30:30+00:00,Crash Urgent,30.291195,-97.628009,Decker Ln / Loyola Ln,ARCHIVED,21
57F65C30B490154C57284B8041B201206D440751_1717710438,2024-06-06 21:47:18+00:00,Crash Urgent,30.179834,-97.783129,7724-7805 S Congress Ave,ARCHIVED,21
9D4EBBA60FD8D43C36E800C3239CECBE9A06419F_1717710548,2024-06-06 21:49:08+00:00,Crash Service,30.378545,-97.666771,11609 April Dr,ARCHIVED,21
238379312CE0582D796B45F42AD3E6310A2F2F8A_1717710562,2024-06-06 21:49:22+00:00,Traffic Hazard,30.431761,-97.655112,1601-1723 S Heatherwilde Blvd,ARCHIVED,21
EE8593B3AF2B2A4FB2CA630BCE6BE677E6585F5C_1717710657,2024-06-06 21:50:57+00:00,Crash Service,30.191859,-97.770391,6412 S Ih 35 Svrd Sb,ARCHIVED,21
F5E1D6091D337B419DF8AD02C6ADE48BEE8B1E7B_1717710908,2024-06-06 21:55:08+00:00,Traffic Hazard,30.211639,-97.876415,Davis Ln / Escarpment Blvd,ARCHIVED,21
4053121DFA8AA9C328B47AC4812D2D8B18A92A65_1717710984,2024-06-06 21:56:24+00:00,Crash Service,30.390909,-97.672877,12118 N Ih 35 Svrd Sb,ARCHIVED,21
7ABCEEFDCAA05A571408540BD4862CD2F3AAD7A5_1717711649,2024-06-06 22:07:29+00:00,Crash Service,30.254514,-97.736993,30-38 N Ih 35 Svrd Sb,ARCHIVED,22
7A20AC5AEB7C70ACDEAC71C9D4EBE7AC17F7CE7E_1717711651,2024-06-06 22:07:31+00:00,Crash Urgent,30.285,-97.661557,6311-6417 Fm 969 Rd,ARCHIVED,22
0477D720ADF7C715B04850723531A5FB1BC5334B_1717712004,2024-06-06 22:13:24+00:00,Crash Service,30.293779,-97.631069,6708 Wentworth Dr,ARCHIVED,22
8554FE9EE0ED24D97CC3B500A33D4320C0FCD5A3_1717712007,2024-06-06 22:13:27+00:00,Crash Service,30.35082,-97.709138,8201 N Lamar Blvd,ARCHIVED,22
BCA210F878DEB70F0575E974E7640FC5B404F4A1_1717712707,2024-06-06 22:25:07+00:00,Crash Service,30.252157,-97.69828,E 5th St / Shady Ln,ARCHIVED,22
D34531F611D60FFDC05468DF2EE6050B2F736741_1717712924,2024-06-06 22:28:44+00:00,VEHICLE FIRE,30.112775,-97.78529,1400-1433 FM 1327 RD,ARCHIVED,22
DFF17A997C0881052E744E1A816ECDE7332018A3_1717713258,2024-06-06 22:34:18+00:00,Crash Service,30.343078,-97.715524,7525 N Lamar Blvd,ARCHIVED,22
AB4B14521FFA251F4FFFDA0C8C6CED93433E7268_1717713701,2024-06-06 22:41:41+00:00,COLLISION,30.229511,-97.891554,7700-7715 HUDSON LOOP,ARCHIVED,22
86C13B98063F4A1489084FA4188FADDEAAD2162B_1717713921,2024-06-06 22:45:21+00:00,TRFC HAZD/ DEBRIS,30.139001,-97.665016,8200-8645 S SH 130 NB,ARCHIVED,22
9587915E367335B4E286DBC435585857DB78C0C5_1717713985,2024-06-06 22:46:25+00:00,Traffic Hazard,30.22473,-97.852136,W William Cannon Dr / Robert Dixon Dr,ARCHIVED,22
F69E508A40C73A21D4D2B63AAA03339FE7DBD165_1717714236,2024-06-06 22:50:36+00:00,Crash Urgent,30.264435,-97.757074,S LAMAR BLVD NB / W RIVERSIDE DR,ARCHIVED,22
662791B56C06D86D3C0CB16E8163662DD014FD9F_1717714702,2024-06-06 22:58:22+00:00,Crash Urgent,30.100991,-97.811691,13800 S Ih 35 Svrd Nb,ARCHIVED,22
97E3D7DDE9CFE479809108E9E82145A7912A08A2_1717714823,2024-06-06 23:00:23+00:00,Crash Urgent,30.191339,-97.77101,6430 S IH 35 SVRD SB,ARCHIVED,23
6D848E61C1AB952EF9A4B793396E51B7DF7C2ABD_1717715060,2024-06-06 23:04:20+00:00,LOOSE LIVESTOCK,30.398734,-97.519448,16100-16133 N Fm 973 Rd,ARCHIVED,23
14B21325096DD31C90A39900A910122C4D9FE3D9_1717715153,2024-06-06 23:05:53+00:00,Crash Urgent,30.219671,-97.688048,7900-8009 E BEN WHITE BLVD EB,ARCHIVED,23
0200320AE3BC247E747EF93E3259BC29DDF53392_1717715360,2024-06-06 23:09:20+00:00,Traffic Hazard,30.26086,-97.758459,Barton Springs Rd / S Lamar Blvd,ARCHIVED,23
9B42C60DFB2B5A8E1C588B0EC793752AA4F299F3_1717715525,2024-06-06 23:12:05+00:00,Crash Urgent,30.42844,-97.681229,1800 SCOFIELD RIDGE PKWY,ARCHIVED,23
09F8DF3C750BF6D2D367D1934CF0488F4576DBCD_1717715701,2024-06-06 23:15:01+00:00,LOOSE LIVESTOCK,30.452836,-97.557944,19000-blk Weiss Ln,ARCHIVED,23
6D848E61C1AB952EF9A4B793396E51B7DF7C2ABD_1717715791,2024-06-06 23:16:31+00:00,LOOSE LIVESTOCK,30.398734,-97.519448,16100-16133 N Fm 973 Rd,ARCHIVED,23
E6BA73DC9533E190C71BFC3877414870457F1533_1717715954,2024-06-06 23:19:14+00:00,Crash Service,30.305754,-97.706994,1300-1324 Barbara Jordan Blvd,ARCHIVED,23
CEDF5CCD8253FB636743D0248D10BCC0F11C8EDF_1717715960,2024-06-06 23:19:20+00:00,Crash Urgent,30.345512,-97.675429,1600 Ferguson Ln,ARCHIVED,23
70A1FEB7907EB7F1D49939E991BE2FD1E3ED086A_1717716518,2024-06-06 23:28:38+00:00,TRFC HAZD/ DEBRIS,30.387508,-97.906223,N Fm 620 Rd / Low Water Crossing Rd,ARCHIVED,23
54F9C5DB018042C5624C67DC1DE588C11164E3AC_1717717295,2024-06-06 23:41:35+00:00,Traffic Hazard,30.302538,-97.697615,1801 E 51st St,ARCHIVED,23
C71CC62930CF523FCF54EFD029485F66FA5D839A_1717717555,2024-06-06 23:45:55+00:00,LOOSE LIVESTOCK,30.410069,-97.494887,Axell Ln / New Sweden Church Rd,ARCHIVED,23
736CCA45634B541786A2049311BC717ECBD88D60_1717717565,2024-06-06 23:46:05+00:00,Traffic Hazard,30.332262,-97.686717,1200-1433 E Anderson Ln Svrd Eb,ARCHIVED,23
BE98FBB5FEF1A2A7CE8BE317FCBCE6B1912024C3_1717717833,2024-06-06 23:50:33+00:00,Crash Service,30.306632,-97.709097,1201 Barbara Jordan Blvd,ARCHIVED,23
9669582CD862FB3798DCA33583826C0FB32BDCE4_1717719947,2024-06-07 00:25:47+00:00,LOOSE LIVESTOCK,30.179527,-97.54322,4700-6825 Wolf Ln,ARCHIVED,0
7110EDA4D09E062AA5E4A390B0A572AC0D2C0220_1717720574,2024-06-07 00:36:14+00:00,Crash Urgent,30.189123,-97.76791,BLUFF SPRINGS RD / E WILLIAM CANNON DR,ARCHIVED,0
26CED0B5EA2B6F3C8B1E5090A6CDBDFAE5A6F853_1717720899,2024-06-07 00:41:39+00:00,Crash Urgent,30.368958,-97.705588,9400-9448 Parkfield Dr,ARCHIVED,0
17B990DA5A70AC723A5540ECFCB935530A5F7849_1717720935,2024-06-07 00:42:15+00:00,COLLISION,30.278745,-97.813698,400-blk CAMP CRAFT RD,ARCHIVED,0
E6602176F26DD0C5FB721FDED265EC8570F686E7_1717721543,2024-06-07 00:52:23+00:00,Crash Urgent,30.447427,-97.66253,15420 Fm 1825 Rd,ARCHIVED,0
C6944467DA0C65A08C39BB5A0314CC143936EAA3_1717721809,2024-06-07 00:56:49+00:00,Traffic Hazard,30.287927,-97.724298,E 30th St / N Ih 35 Svrd Sb,ARCHIVED,0
6E52699C9C8A8336945DE19B8BCAC068B7C94658_1717722083,2024-06-07 01:01:23+00:00,TRFC HAZD/ DEBRIS,30.511915,-97.911318,18220-BLK FM 1431 RD,ARCHIVED,1
2185EEAE0B746393E7C71EC27AD3763D60A2F37F_1717722094,2024-06-07 01:01:34+00:00,COLLISION,30.448544,-97.66182,15514-15515 FM 1825 RD,ARCHIVED,1
603FE594BD047C7051F43C2F429E18AF68CA7D25_1717722356,2024-06-07 01:05:56+00:00,Crash Urgent,30.408647,-97.675395,12600 N Ih 35 Svrd Sb To Parmer Ln Wb,ARCHIVED,1
BF5CE6BCA1837184B86A1FB332EDB735665CA1ED_1717722481,2024-06-07 01:08:01+00:00,Crash Service,30.189123,-97.76791,E William Cannon Dr / Bluff Springs Rd,ARCHIVED,1
748E3CF5795E1703267FD891905C54B15D2D2547_1717722920,2024-06-07 01:15:20+00:00,LOOSE LIVESTOCK,30.265187,-97.606669,4600-6409 N Fm 973 Rd,ARCHIVED,1
A3625F643C5DFB9C0CEE12E29C57FE264FBD4FEF_1717724422,2024-06-07 01:40:22+00:00,Traffic Hazard,30.249912,-97.894301,W Sh 71 / Covered Bridge Dr,ARCHIVED,1
76ABF9772D9EDFE74F787CD517B07B884C98EA8F_1717726499,2024-06-07 02:14:59+00:00,COLLISION,30.02745,-97.688754,Camino Real / N Us Hwy 183,ARCHIVED,2
C11D13FD83B4BA20B841137B06C66D333550F2FC_1717726550,2024-06-07 02:15:50+00:00,COLLISION,30.185443,-97.60945,4550 Ross Rd,ARCHIVED,2
C11226C53FC4C8033C2BF2EDA91A1FB4029365DC_1717726648,2024-06-07 02:17:28+00:00,Crash Urgent,30.174069,-97.620205,Ross Rd / Thome Valley Dr,ARCHIVED,2
FD5A768E47CA87449299D0544F4325C4E2B34388_1717726657,2024-06-07 02:17:37+00:00,Traffic Hazard,30.229467,-97.712661,E Riverside Dr / Faro Dr,ARCHIVED,2
278BDAB57253765B3AB458A7D9295ABF2F42FFB6_1717727112,2024-06-07 02:25:12+00:00,Traffic Hazard,30.160211,-97.776778,E Slaughter To Brandt Ramp / E Slaughter Ln,ARCHIVED,2
E4B5A2B01EE1B51B2D17A165855B43C142D822C4_1717727784,2024-06-07 02:36:24+00:00,Crash Urgent,30.223377,-97.747757,3500-3644 S Ih 35 Svrd Sb,ARCHIVED,2
21FF0C98F5FD5754371C16C4CC6AC33571E2735C_1717727883,2024-06-07 02:38:03+00:00,Crash Urgent,30.373792,-97.726904,9051-9055 Research Blvd Svrd Nb,ARCHIVED,2
7BF016F5B104573DB99F54A0715D7F0FDF7705F4_1717730650,2024-06-07 03:24:10+00:00,Traffic Hazard,30.448649,-97.790937,N Us 183 Hwy Svrd Sb / Anderson Mill Rd,ARCHIVED,3
8EAC9D03673AD3FA86C1C815275470EC81580E0A_1717734245,2024-06-07 04:24:05+00:00,Stalled Vehicle,30.148316,-97.793481,10500-blk S Ih 35 Svrd Sb,ARCHIVED,4
766FD8E580A25FBCA340C89BE1140B812EC0684A_1717734753,2024-06-07 04:32:33+00:00,COLLISION,30.231325,-97.805658,4631-4821 W US 290 HWY SVRD EB,ARCHIVED,4
1856381A2F61CA30FC1787A4B39F2178AE2ECC17_1717734772,2024-06-07 04:32:52+00:00,COLLISION,30.233213,-97.810283,4715 S Lamar Blvd Nb,ARCHIVED,4
B2A3625DE074749ED626D2C2FDF5342D7757A850_1717735291,2024-06-07 04:41:31+00:00,Crash Urgent,30.447479,-97.662495,15424 Fm 1825 Rd,ARCHIVED,4
9638A01A04D42299718C6309475126CF6E62A459_1717735395,2024-06-07 04:43:15+00:00,TRFC HAZD/ DEBRIS,30.456699,-97.671914,15716 LONG VISTA DR,ARCHIVED,4
A031EB6D2F6330F89B937098D4439578421617DF_1717736567,2024-06-07 05:02:47+00:00,TRFC HAZD/ DEBRIS,30.479668,-97.943449,19200-blk Fm 1431 Rd,ARCHIVED,5
E618015D38390E684004B2436C007ED369F39629_1717737911,2024-06-07 05:25:11+00:00,Traffic Hazard,30.286661,-97.763626,1600 N Mopac Expy Sb,ARCHIVED,5
7582EAE4A80C6CCA12C496ED9C3CBB84C4E14A35_1717738645,2024-06-07 05:37:25+00:00,TRFC HAZD/ DEBRIS,30.420122,-97.629379,14728 DESSAU RD,ARCHIVED,5
A4AB8793C5AC48202C12FC914D333D75083B2582_1717739014,2024-06-07 05:43:34+00:00,Traffic Hazard,30.264273,-97.74036,Trinity St / E 3rd St,ARCHIVED,5
5DB0872F19AA1AE3D1CEFA62AE9877879C085253_1717739460,2024-06-07 05:51:00+00:00,Crash Service,30.341125,-97.702831,7700 Chevy Chase Dr,ARCHIVED,5
89EA5E3955C8729A6247BD196A6E780455F627E8_1717740633,2024-06-07 06:10:33+00:00,Stalled Vehicle,30.233436,-97.81131,4800 W Us 290 Hwy Eb,ARCHIVED,6
99621FE7E9F6C2AEE4DC5FD804EF346B774689CA_1717743080,2024-06-07 06:51:20+00:00,COLLISION,30.346602,-97.540104,11900-12325 Ring Dr,ARCHIVED,6
C163BCD1CF90C984E9EDA4DBA311BCA369A7D1A1_1717743981,2024-06-07 07:06:21+00:00,Stalled Vehicle,30.36487,-97.695997,Rutland Dr / N Lamar Blvd,ARCHIVED,7
155EC5070FFDF1966C65B39F96E7899A0F0E6399_1717745990,2024-06-07 07:39:50+00:00,Crash Urgent,30.375676,-97.672996,900 E BRAKER LN,ARCHIVED,7
E1E8A78276D7339EEC5C83579BD7BE094C9B295D_1717750030,2024-06-07 08:47:10+00:00,COLLISION,30.353591,-97.55645,12801 LEXINGTON ST,ARCHIVED,8
78F2CC125471EEA9FFEC1EBF0F61C21E40D07EE2_1717750065,2024-06-07 08:47:45+00:00,COLLISION,30.35376,-97.556208,12750-12825 Lexington St,ARCHIVED,8
4EC9F4EB1CF064513747B5E058DD05F3F6D6B737_1717752367,2024-06-07 09:26:07+00:00,COLLISION,30.148033,-97.75082,3400-3724 E SLAUGHTER LN,ARCHIVED,9
0ED02142EAD58AB9DA947E00FA0F416895478618_1717757352,2024-06-07 10:49:12+00:00,COLLISION,30.227564,-97.613152,13001-13101 TESLA RD,ARCHIVED,10
5D1BDAE6389C2A1988415D2F9B9EC2070341371D_1717757611,2024-06-07 10:53:31+00:00,COLLISION WITH INJURY,30.466655,-97.669208,16231-16521 N Ih 35 Svrd Nb,ARCHIVED,10
275CA1C1B6F73ABB5E67F61C11EF17C5620ACD07_1717757637,2024-06-07 10:53:57+00:00,COLLISION WITH INJURY,30.134614,-97.853066,W FM 1626 RD / BLISS SPILLAR RD,ARCHIVED,10
474C2648302BEC1C0561BB62F769F3D4D8A1FB90_1717757818,2024-06-07 10:56:58+00:00,Traffic Hazard,30.289049,-97.723063,3100-3107 N Ih 35 Svrd Nb,ARCHIVED,10
F818D3A787EF337609399B092B4C3E0E4BF7D9E6_1717757933,2024-06-07 10:58:53+00:00,Crash Urgent,30.428247,-97.681117,1701-1743 W Howard Ln,ARCHIVED,10
CC9F33DE11D62A820F76B1B9775A9E9DBDBCDF76_1717758794,2024-06-07 11:13:14+00:00,COLLISION,30.140085,-97.8323,1011 W Fm 1626 Rd,ARCHIVED,11
80D5B2A867B21E37CD472071370518DF40FA4F01_1717759026,2024-06-07 11:17:06+00:00,COLLISION,30.091029,-97.627209,15700-15723 HOKANSON RD,ARCHIVED,11
2C7EF0922DDD74809CA7CF4FE2F7A8A5E86F6BFA_1717760297,2024-06-07 11:38:17+00:00,Crash Urgent,30.280923,-97.648259,7509 Fm 969 Rd,ARCHIVED,11
3618330405CD5B4442F29655D0FD0538A8AEBF83_1717760637,2024-06-07 11:43:57+00:00,Crash Urgent,30.356432,-97.731616,2401-2523 W Anderson Ln,ARCHIVED,11
53EB8055CF041753B3A43D89F2B9503C9BA333E1_1717760904,2024-06-07 11:48:24+00:00,Traffic Hazard,30.413879,-97.746243,0 Thunder Creek To Resea Sb Ramp,ARCHIVED,11
560435953B9808841DF0571AC6680B33A1067449_1717760984,2024-06-07 11:49:44+00:00,TRFC HAZD/ DEBRIS,30.449773,-97.658168,1400-blk Three Points Rd,ARCHIVED,11
C41882F67AA8B3FFB5D98F51F530E7A189C779CE_1717762138,2024-06-07 12:08:58+00:00,COLLISION,30.191285,-97.620554,4200-4333 E Sh 71 Wb,ARCHIVED,12
0AEBF3A9339A0D976E082525062CB64CFC9BA651_1717763696,2024-06-07 12:34:56+00:00,Traffic Hazard,30.306338,-97.586423,10500-12037 Bloor Rd,ARCHIVED,12
B5F55A9D15C6752E5D9DFD7336FFB008B403DC19_1717764874,2024-06-07 12:54:34+00:00,Traffic Hazard,30.385062,-97.649539,12200-12246 Dessau Rd,ARCHIVED,12
5B02EEDFCDE9C5448007197D8E9B42AF80204E9B_1717765000,2024-06-07 12:56:40+00:00,TRFC HAZD/ DEBRIS,30.100512,-97.778107,6700-7940 S SH 45 E WB,ARCHIVED,12
13D1433C84AC448FD47349A00B528DBD91E6F28A_1717765411,2024-06-07 13:03:31+00:00,Crash Urgent,30.337097,-97.755485,5600-5800 N Mopac Expy Sb,ARCHIVED,13
8D2D1DA41DBBE4317734A6D4050A400F0CF7081F_1717765713,2024-06-07 13:08:33+00:00,COLLISN/ LVNG SCN,30.341076,-97.557699,E Parsons St / S Lexington St,ARCHIVED,13
43EF78BF952F4756309200BB44EF9C7912C75037_1717766305,2024-06-07 13:18:25+00:00,COLLISION,30.343273,-97.542522,OLD HWY 20 / N FM 973 RD,ARCHIVED,13
155EC5070FFDF1966C65B39F96E7899A0F0E6399_1717766948,2024-06-07 13:29:08+00:00,LOOSE LIVESTOCK,30.031207,-97.671049,17644-18506 Camino Real,ARCHIVED,13
6C53D5A4945EC20E85EEE6BA10FA711C8606EBD0_1717768351,2024-06-07 13:52:31+00:00,Traffic Hazard,30.176456,-97.763713,7300-7309 Stonleigh Pl,ARCHIVED,13
037C3EE7299BCED693B20196F1025EAEE60503AD_1717768679,2024-06-07 13:57:59+00:00,TRFC HAZD/ DEBRIS,30.348941,-97.55587,11230-11428 E Us 290 Hwy Wb,ARCHIVED,13
D2B77EBA190F0947FEC6F4EA390E31488AE19D61_1717768933,2024-06-07 14:02:13+00:00,Crash Urgent,30.29958,-97.731571,E 38th St / Avenue G,ARCHIVED,14
02161A52F79B14CA0632CEFCB8CD025C2DE5ED0C_1717769915,2024-06-07 14:18:35+00:00,Traffic Hazard,30.246048,-97.690833,200-425 183 TOLL NB,ARCHIVED,14
CA91ACE6F5DC0CC0323B88AA38EA72FA84A874A6_1717769997,2024-06-07 14:19:57+00:00,TRFC HAZD/ DEBRIS,30.335227,-97.510328,12300-12820 Kimbro Rd,ARCHIVED,14
32F6CBAB415ED6D718F61FC88F136EAFC6DADD31_1717771203,2024-06-07 14:40:03+00:00,Traffic Hazard,30.257829,-97.702584,3500 Gonzales St,ARCHIVED,14
09579C1001A01217326658A67CF8329AB41EDB97_1717771321,2024-06-07 14:42:01+00:00,Traffic Hazard,30.285885,-97.666009,4900-4902 Ed Bluestein Blvd Svrd Sb,ARCHIVED,14
14C08BFC64D60F72625168EFD3FDAEA9DCAC8E24_1717771467,2024-06-07 14:44:27+00:00,COLLISION,30.221473,-97.837596,4200 W WILLIAM CANNON DR,ARCHIVED,14
0BC39B9D01F6D3E81328CDA94EAEFE5005744CEC_1717771591,2024-06-07 14:46:31+00:00,Crash Service,30.226811,-97.773542,4007 James Casey St,ARCHIVED,14
FC5F865A45DF8F363A822FCDD80C502A08C6B808_1717771742,2024-06-07 14:49:02+00:00,LOOSE LIVESTOCK,30.151998,-97.560535,6900-7917 Wolf Ln,ARCHIVED,14
3106DFAF311E3C7E7D6542052825EEEB5C778D4C_1717772526,2024-06-07 15:02:06+00:00,Crash Urgent,30.279868,-97.821436,1250 S Capital Of Texas Hwy Sb,ARCHIVED,15
04085CEF4A2F22B0D7DE2D6919476571400985C3_1717772764,2024-06-07 15:06:04+00:00,TRFC HAZD/ DEBRIS,30.377449,-97.993499,16001-16099 LAKE TRAVIS CLINE,ARCHIVED,15
7A5025883C3D6B54A0E765B19F53E3343687DB2E_1717774211,2024-06-07 15:30:11+00:00,TRFC HAZD/ DEBRIS,30.356819,-97.832611,CITY PARK RD / GLENLAKE DR,ARCHIVED,15
B7BEA17843CD602B228FEF963983E3D18C884341_1717774403,2024-06-07 15:33:23+00:00,Traffic Hazard,30.244569,-97.766055,1100-1209 W Oltorf St,ARCHIVED,15
6C94C10A53F2E02BE415FD6A1533ED3F7B788663_1717774630,2024-06-07 15:37:10+00:00,Traffic Hazard,30.36585,-97.682837,10205 N IH 35 SVRD NB,ARCHIVED,15
85CA1FFDE3C0A7F9418AA74D8309CAF5A31749E9_1717774932,2024-06-07 15:42:12+00:00,TRFC HAZD/ DEBRIS,30.398567,-97.959074,14001-14099 LAKE TRAVIS CLINE,ARCHIVED,15
1111F431B07C69ECFB4466EF65391C4BDB995848_1717775580,2024-06-07 15:53:00+00:00,Traffic Hazard,30.434576,-97.770784,12800-12809 Pond Springs Rd,ARCHIVED,15
41048BC3417903D2A6B8E3FE2F13D267E25AE256_1717776503,2024-06-07 16:08:23+00:00,Traffic Hazard,30.272116,-97.755437,1101-1130 W 6th St,ARCHIVED,16
BBFBF362460D2B5A1573BC939A7419DF3FFF1A54_1717776984,2024-06-07 16:16:24+00:00,Crash Urgent,30.281981,-97.742799,503 W Martin Luther King Jr Blvd,ARCHIVED,16
AF2700D32E70E9F6D67533F9CC73BF0AF423DC31_1717777112,2024-06-07 16:18:32+00:00,Crash Urgent,30.281006,-97.743047,1808 San Antonio St,ARCHIVED,16
16A39286EB1BC47CBCC280AE068124E5A9661ABC_1717778328,2024-06-07 16:38:48+00:00,Traffic Hazard,30.278182,-97.768222,100-623 N MOPAC EXPY NB,ARCHIVED,16
5546443CF7936F056C25DF636352D217C030756C_1717778430,2024-06-07 16:40:30+00:00,COLLISION,30.23156,-97.819088,5200-blk BRODIE LN,ARCHIVED,16
D34531F611D60FFDC05468DF2EE6050B2F736741_1717778478,2024-06-07 16:41:18+00:00,Crash Urgent,30.278218,-97.691787,3811 E 12TH ST,ARCHIVED,16
A7A134063601B2EC0851E7C2501B3F12D9EE2DE0_1717779216,2024-06-07 16:53:36+00:00,Crash Service,30.401023,-97.744859,10901 Research Blvd Svrd Nb,ARCHIVED,16
932FD8564738BF120BEF9EB721FEAC947797C99F_1717779549,2024-06-07 16:59:09+00:00,Traffic Hazard,30.262577,-97.722112,E 7th St / Chicon St,ARCHIVED,16
ADFB3113F827A8F0E2C41436C49511B2F5466B47_1717781322,2024-06-07 17:28:42+00:00,COLLISION,30.294401,-97.824288,5600-blk Bee Cave Rd,ARCHIVED,17
4AC7E515771155A9EFA63AC6840EA7199C222C96_1717782072,2024-06-07 17:41:12+00:00,Crash Service,30.319632,-97.721226,110 Nelray Blvd,ARCHIVED,17
27A70C09F307E0CD49C1B4E1ACEAC388C874E017_1717782125,2024-06-07 17:42:05+00:00,Traffic Hazard,30.137399,-97.796644,11300 S Ih 35 Svrd Nb,ARCHIVED,17
379370BC6A1846B51FB083525E94CDC87BC6ADF3_1717782602,2024-06-07 17:50:02+00:00,Crash Service,30.220975,-97.837373,4101-4205 W William Cannon Dr,ARCHIVED,17
D9B55863436F0FDA0DB648E8B219654141FC8270_1717783858,2024-06-07 18:10:58+00:00,TRFC HAZD/ DEBRIS,30.346476,-97.861366,2400-blk Mecca Rd,ARCHIVED,18
891F22C19BE6AD30B70EE6881F96E1BC678AC17F_1717784021,2024-06-07 18:13:41+00:00,Crash Urgent,30.430416,-97.700071,2501-3141 Scofield Ridge Pkwy,ARCHIVED,18
CABB2209C2B6AC28CD023A92013A39E9F4D9FB0C_1717784631,2024-06-07 18:23:51+00:00,Traffic Hazard,30.228808,-97.789466,4430 Menchaca Rd,ARCHIVED,18
F85AE74DB48DB6D5D3B4F329C93161754DE0AB2A_1717784829,2024-06-07 18:27:09+00:00,Traffic Hazard,30.314015,-97.694151,5908 Dunbury Dr,ARCHIVED,18
02177BB470EC8D951EC376A1EDB9D76AC9B82BFE_1717784866,2024-06-07 18:27:46+00:00,Crash Urgent,30.348439,-97.714647,900-1015 W Anderson Ln,ARCHIVED,18
CE5C9036ECFE0BDD8F6404EC25D96B1EE0CC28F4_1717785042,2024-06-07 18:30:42+00:00,Crash Urgent,30.394482,-97.729825,3414-3632 W Braker Ln,ARCHIVED,18
DD84F0EE24CFD17BA4AC744AFAD8DE1687C2A400_1717785194,2024-06-07 18:33:14+00:00,COLLISION,30.463375,-97.552047,Ploughshores Ln / Cherubini Trl,ARCHIVED,18
9CB40392AAFD5B7A843D961C3628711D85FF5953_1717785328,2024-06-07 18:35:28+00:00,Traffic Hazard,30.127176,-97.800671,11951-12115 S Ih 35 Svrd Nb,ARCHIVED,18
BCA0E8B2B9EA6D1E0BDEB6541E23707A14E1F28F_1717785470,2024-06-07 18:37:50+00:00,COLLISION,30.392458,-97.726016,3301-3425 W BRAKER LN,ARCHIVED,18
E7F9EFF0E81057A5C8FE41CABE4D9C6EEA82DAA0_1717786836,2024-06-07 19:00:36+00:00,Traffic Hazard,30.223979,-97.83342,6301 S Mopac Expy Nb,ARCHIVED,19
D37DE44396942BA1766014B1C7CD097677F59B17_1717787347,2024-06-07 19:09:07+00:00,COLLISION,30.45626,-97.664409,VISION DR / GRAND AVENUE PKWY,ARCHIVED,19
121E4F6B2D93D3F508359C8700406A1B992733AF_1717787801,2024-06-07 19:16:41+00:00,COLLISION,30.34909,-97.542362,12000-blk E US 290 HWY EB,ARCHIVED,19
E3D9AAFDA317C05C755005FD30F6828BFFFAB6E1_1717788047,2024-06-07 19:20:47+00:00,Stalled Vehicle,30.174332,-97.798897,8800 S 1st St,ARCHIVED,19
3106DFAF311E3C7E7D6542052825EEEB5C778D4C_1717788944,2024-06-07 19:35:44+00:00,TRFC HAZD/ DEBRIS,30.348941,-97.555886,11230-11428 E US 290 HWY WB,ARCHIVED,19
06BC6A372C0484BD4C62494038CAC7C4C62035DF_1717789614,2024-06-07 19:46:54+00:00,COLLISN/ LVNG SCN,30.23156,-97.819088,5200-BLK BRODIE LN,ARCHIVED,19
0C6C6202E87A7DF9FC1CF44B4ADE2F311CB5AC62_1717789730,2024-06-07 19:48:50+00:00,Stalled Vehicle,30.159925,-97.800469,10000-BLK S 1ST ST,ARCHIVED,19
18C103DF09F1053DC5221AA29DC2D0FE8B19ED6D_1717789867,2024-06-07 19:51:07+00:00,Traffic Hazard,30.482334,-97.804078,14064-14320 N 183a Hwy Sb,ARCHIVED,19
F971BD2CEB1CA67127B574C0C2BCA9B64EC0A25A_1717789891,2024-06-07 19:51:31+00:00,Crash Urgent,30.409167,-97.715533,12000-12034 N Mopac Expy Svrd Sb,ARCHIVED,19
B91F4502A07105CEBCE7E632807B55F7657F988D_1717790101,2024-06-07 19:55:01+00:00,COLLISION,30.247457,-97.582944,14509 FM 969 RD,ARCHIVED,19
66C9001ED3D7697B23819BF3B9EFBD504E52389D_1717790591,2024-06-07 20:03:11+00:00,Crash Service,30.377584,-97.689404,817 Wagon Trl,ARCHIVED,20
9F4989CE236994C4F5458640666EFC7027B322CF_1717790687,2024-06-07 20:04:47+00:00,Crash Urgent,30.16218,-97.777782,E Slaughter Ln / Narrow Glen Pkwy,ARCHIVED,20
7A20AC5AEB7C70ACDEAC71C9D4EBE7AC17F7CE7E_1717791149,2024-06-07 20:12:29+00:00,Crash Urgent,30.404524,-97.745343,10211-11149 Research Blvd Nb,ARCHIVED,20
49AE64F7FD1D3F88BBA01CFDF9CFBF9A68886037_1717791737,2024-06-07 20:22:17+00:00,Traffic Hazard,30.27894,-97.730338,1900-1922 N Ih 35 Svrd Sb,ARCHIVED,20
B58FB752388A4F5F1BBC1AA2353785F4EF11DABD_1717792308,2024-06-07 20:31:48+00:00,TRFC HAZD/ DEBRIS,30.461259,-97.667822,16100 N IH 35 NB,ARCHIVED,20
E0F05ED4FD4FFB1AF17B55948173BFE2900CEFB4_1717792467,2024-06-07 20:34:27+00:00,Traffic Hazard,30.284452,-97.718177,Manor Rd / Chestnut Ave,ARCHIVED,20
3D41B7FD29FC9B4AB18B63E1727B59B9EB5DF1E2_1717792557,2024-06-07 20:35:57+00:00,Crash Urgent,30.253353,-97.697574,SHADY LN / E 7TH ST,ARCHIVED,20
8B2DD04E87577952ED20D966FFB1E252744CDB5F_1717792772,2024-06-07 20:39:32+00:00,Traffic Hazard,30.427957,-97.702127,13100-13148 Burnet Rd,ARCHIVED,20
246D2E34BEDEDFE76E09931A89BF4631F3916827_1717793547,2024-06-07 20:52:27+00:00,TRFC HAZD/ DEBRIS,30.308308,-97.904873,FM 2244 RD / SENNA HILLS DR,ARCHIVED,20
BBFBF362460D2B5A1573BC939A7419DF3FFF1A54_1717794118,2024-06-07 21:01:58+00:00,COLLISION WITH INJURY,30.157553,-97.769135,9140 Nuckols Crossing Rd,ARCHIVED,21
06072EB4F0454CBD924930E1FD2F06787E77D416_1717794136,2024-06-07 21:02:16+00:00,COLLISION WITH INJURY,30.157553,-97.769135,9140 Nuckols Crossing Rd,ARCHIVED,21
8D25B4C973C5DAFA021036664B080A79E0BB69A0_1717794159,2024-06-07 21:02:39+00:00,Crash Service,30.258998,-97.759044,609 S Lamar Blvd,ARCHIVED,21
9AE17B153A32567D1646CAA8C4010174C30AC349_1717794933,2024-06-07 21:15:33+00:00,Stalled Vehicle,30.386857,-97.648566,E Parmer Ln / Dessau Rd,ARCHIVED,21
7C9FE6831F52E30E0EDE4F8C54FD9BBA673E8D8B_1717795167,2024-06-07 21:19:27+00:00,Stalled Vehicle,30.369124,-97.705235,1211-1219 RUTLAND DR,ARCHIVED,21
282C0A20F0520A152C89D8C0489426C0668CA495_1717795417,2024-06-07 21:23:37+00:00,Crash Urgent,30.38846,-97.749242,9337-9499 N Capital Of Texas Hwy Nb,ARCHIVED,21
533958A2148AA8A3466FA3A8340D51E28294F41D_1717795442,2024-06-07 21:24:02+00:00,Crash Service,30.258998,-97.759044,609 S Lamar Blvd,ARCHIVED,21
3A282FB67EA34786A1B4E01588D82AA0AD67E47A_1717796303,2024-06-07 21:38:23+00:00,COLLISION,30.125447,-97.811982,401-513 TWIN CREEKS RD,ARCHIVED,21
54164C3DB2C5171B138C809D3CBE7A6637C31CBF_1717796645,2024-06-07 21:44:05+00:00,Traffic Hazard,30.453365,-97.822995,11500-11609 Anderson Mill Rd,ARCHIVED,21
827AC818D422F57B93682A8478AFA2D4F026513D_1717797574,2024-06-07 21:59:34+00:00,Traffic Hazard,30.265324,-97.782304,S Mopac Expy Svrd Nb / Bee Cave Rd,ARCHIVED,21
9BD7909EA32C89F68E82ED0CBE1F30A2E1D72B1C_1717797805,2024-06-07 22:03:25+00:00,Traffic Hazard,30.248919,-97.749923,100-115 E ELIZABETH ST,ARCHIVED,22
0FB0A8A62CBE899F9C109E5CCF6D5F3B35E33F38_1717797853,2024-06-07 22:04:13+00:00,Crash Urgent,30.278859,-97.742592,300-399 W 16th St,ARCHIVED,22
4A4AB45448022F0C738FE9E310148EA1EB7F856B_1717798142,2024-06-07 22:09:02+00:00,Crash Service,30.228247,-97.761591,125 W Alpine Rd,ARCHIVED,22
D38D6B33E339A65214B43F52FC74BF2319B39101_1717799184,2024-06-07 22:26:24+00:00,TRFC HAZD/ DEBRIS,30.392734,-97.910638,4264-4311 N FM 620 RD,ARCHIVED,22
316B44139A9742CFCA5F9C640C47F008F6B73C1B_1717799833,2024-06-07 22:37:13+00:00,Traffic Hazard,30.26015,-97.758809,519-639 S LAMAR BLVD,ARCHIVED,22
898D99D62E92C4485FFF43391CEC7C59E4FE7D12_1717800176,2024-06-07 22:42:56+00:00,Crash Urgent,30.254395,-97.808078,2901 S Capital Of Texas Hwy Nb,ARCHIVED,22
618DCDFB0CD9AE4481164961C4796DD8E3930C8D_1717800307,2024-06-07 22:45:07+00:00,Traffic Hazard,30.274747,-97.731784,E 15th St / N Ih 35 Svrd Sb,ARCHIVED,22
E816958259E39339DDC56994E959AA56EF874F92_1717800493,2024-06-07 22:48:13+00:00,Crash Service,30.385963,-97.648389,1701 E PARMER LN,ARCHIVED,22
7F1426A678C0021BBBF19EB1D7D6353054809224_1717800546,2024-06-07 22:49:06+00:00,Traffic Hazard,30.278251,-97.744392,501-521 W 15th St,ARCHIVED,22
430D53392925E841EF2DAA3C47DADD8DE98241F0_1717801025,2024-06-07 22:57:05+00:00,Crash Service,30.359583,-97.685163,9601 Middle Fiskville Rd,ARCHIVED,22
C348C1794DF04A0473A11234389E74A236833822_1717801099,2024-06-07 22:58:19+00:00,Stalled Vehicle,30.249869,-97.802655,3100 S Mopac Expy Svrd Nb,ARCHIVED,22
D6A9450DC08555D6ECFAF7162E5267F401E6DD9A_1717801117,2024-06-07 22:58:37+00:00,Crash Service,30.342226,-97.697424,808 Norwood Park Blvd,ARCHIVED,22
76D94C3AC67CCA0AEA71D329B1C54F30DA7626B9_1717801937,2024-06-07 23:12:17+00:00,COLLISION,30.438701,-97.672033,1721 W Wells Branch Pkwy,ARCHIVED,23
67DE6A669490F0E6BF9D405BA4C66A2CD17CC2FF_1717801969,2024-06-07 23:12:49+00:00,Crash Urgent,30.381876,-97.686405,N Lamar Blvd / W Braker Ln,ARCHIVED,23
8625B37CD2002510D8A44BF30088560F7CED9EED_1717802297,2024-06-07 23:18:17+00:00,Crash Service,30.177032,-97.784008,8100 S Congress Ave,ARCHIVED,23
6EF79C21DD35EA505E11D0C6673B8A2588FA650B_1717802410,2024-06-07 23:20:10+00:00,Crash Urgent,30.36618,-97.695251,9616 N Lamar Blvd,ARCHIVED,23
57440B8079F1F30C079BBC3FD0C68F6F2B79E938_1717802451,2024-06-07 23:20:51+00:00,Traffic Hazard,30.284753,-97.716255,2504 Manor Rd,ARCHIVED,23
27A70C09F307E0CD49C1B4E1ACEAC388C874E017_1717803054,2024-06-07 23:30:54+00:00,TRFC HAZD/ DEBRIS,30.445907,-97.667544,15200-15600 N Ih 35 Sb,ARCHIVED,23
1205A6FDA6A91E671E94C3BDD4DFDA18A76CE36C_1717803179,2024-06-07 23:32:59+00:00,VEHICLE FIRE,30.143591,-97.587249,15901 Panarama Ct,ARCHIVED,23
D4E1ACA5DD0E4965A2A66E1256E5B25A346A759B_1717803269,2024-06-07 23:34:29+00:00,Crash Urgent,30.334884,-97.60819,9744-9794 E US 290 HWY SVRD WB,ARCHIVED,23
8F8E400B7BE89653CF6372CFDD136FCDFF19B1C7_1717803290,2024-06-07 23:34:50+00:00,COLLISION,30.425144,-97.673054,1314-1408 W Howard Ln,ARCHIVED,23
51DA62A4D7C1AFEF718CCC35F07551F2BB3879F2_1717803602,2024-06-07 23:40:02+00:00,Crash Service,30.340711,-97.694187,916 Norwood Park Blvd,ARCHIVED,23
F148CEEE33A52E839B0DFEA3393BF0A507D46855_1717803887,2024-06-07 23:44:47+00:00,Crash Service,30.299425,-97.674056,5605 Springdale Rd,ARCHIVED,23
3316F65321E6E08D1490852D942C34F35E0BDB13_1717804514,2024-06-07 23:55:14+00:00,COLLISION,30.400596,-97.582114,14800-15128 N Sh 130 Sb,ARCHIVED,23
2D97D80F5AF467CAF6A638D16C539634E7B1B7A1_1717804885,2024-06-08 00:01:25+00:00,Crash Urgent,30.383957,-97.692289,1021 W Braker Ln To Station,ARCHIVED,0
F881B44B0C8B0ACE5BC97CF6066FDA86C2AF6E18_1717805041,2024-06-08 00:04:01+00:00,Crash Urgent,30.424791,-97.672806,1301-1417 W Howard Ln,ARCHIVED,0
F3BB9560A2532E0409BC8FF3FB0572B3537CA0EC_1717805875,2024-06-08 00:17:55+00:00,Crash Service,30.251491,-97.800784,2800 Tuscan Ter,ARCHIVED,0
F29FA043B3EA6E599C8A224B6E6A13CE3C9C9191_1717805947,2024-06-08 00:19:07+00:00,Traffic Hazard,30.359714,-97.738294,Rockwood Ln / W Anderson Ln,ARCHIVED,0
53F705150A47E61A16E4050C440B0B7A7DFD53D4_1717808870,2024-06-08 01:07:50+00:00,TRFC HAZD/ DEBRIS,30.466809,-97.669766,16400 N Ih 35 Sb,ARCHIVED,1
177DD4C6C9043D42AD86C6AF3277184F5BBE96FC_1717809049,2024-06-08 01:10:49+00:00,Crash Urgent,30.304854,-97.719615,Red River St / E 45th St,ARCHIVED,1
232D69EF19BC21657517C33A1E9B61902906ACE2_1717809132,2024-06-08 01:12:12+00:00,TRFC HAZD/ DEBRIS,30.141989,-97.690839,9600-blk Mc Kenzie Rd,ARCHIVED,1
B37376966AC6D8C371B3A1D74862360FE5710E1C_1717809963,2024-06-08 01:26:03+00:00,TRFC HAZD/ DEBRIS,30.344474,-97.579785,10192-10256 E Us 290 Hwy Wb,ARCHIVED,1
4E09628DA925A6D474F1700841B7FDBA51D53090_1717810301,2024-06-08 01:31:41+00:00,Crash Service,30.332028,-97.686679,7707 Cameron Rd,ARCHIVED,1
4240B033F5F22C9A9CAB56BF555F71904B837B54_1717810358,2024-06-08 01:32:38+00:00,Crash Urgent,30.264657,-97.727993,Navasota St / E 7th St,ARCHIVED,1
B35C0CD294CD10748019833CAFA625FC33487065_1717810652,2024-06-08 01:37:32+00:00,Traffic Hazard,30.448443,-97.790012,0 N 183 Nb At Anderson Mill Trn,ARCHIVED,1
1158E006B9E3C21DE43C05B80711D379AE3EE7E9_1717810811,2024-06-08 01:40:11+00:00,TRFC HAZD/ DEBRIS,30.287036,-97.576264,7500-8113 N Sh 130 Nb,ARCHIVED,1
B5AA3C061DD7CC6FFEBB32E8AF615EE74BCAB62F_1717811210,2024-06-08 01:46:50+00:00,COLLISION,30.31996,-97.6605,Old Manor Rd / Springdale Rd,ARCHIVED,1
E7F9EFF0E81057A5C8FE41CABE4D9C6EEA82DAA0_1717811599,2024-06-08 01:53:19+00:00,COLLISION,30.46536,-97.669306,16300 N Ih 35 Sb,ARCHIVED,1
64738E27DC960EBDC22143DD8EA4B16B74029C8A_1717812689,2024-06-08 02:11:29+00:00,Traffic Hazard,30.277564,-97.667375,0 ED BLUESTEIN BLVD NB TO MLK RAMP,ARCHIVED,2
3C8101ACB51E8F51363933E63BFB9106EC64D6E4_1717813442,2024-06-08 02:24:02+00:00,Crash Urgent,30.424318,-97.671181,13700-13703 N Ih 35 Svrd Nb,ARCHIVED,2
